data_venda,cod_produto,cod_SAP,valor_venda
2026-07-21,78,11250,2135.42
2026-05-19,1,1091785,593.57
2026-06-17,81,1585750,812.95
2026-04-08,32,13605,1814.39
2026-04-26,26,1648697,2255.81
2026-05-23,43,159330,349.44
2026-04-24,56,197530,515.26
2026-03-29,7,1701921,1991.65
2026-07-19,1,1631165,479.35
2026-05-02,16,1600723,290.58
2026-03-22,24,1572783,2124.69
2026-04-06,4,185061,816.25
2026-04-22,20,1733898,2270.22
2026-06-06,76,1775522,1454.41
2026-07-01,78,107479,2402.83
2026-07-18,54,156522,1673.87
2026-05-20,12,9832,1727.55
2026-05-03,70,1643675,223.71
2026-04-28,19,107626,1334.37
2026-03-21,36,107797,684.52
2026-06-23,57,1742759,1490.39
2026-05-02,25,1166522,2237.04
2026-03-13,50,165325,408.62
2026-05-10,72,1084783,1415.49
2026-05-04,39,133953,641.50
2026-05-12,66,175789,736.26
2026-05-22,68,12345,1786.58
2026-05-05,50,1619168,983.98
2026-03-02,8,1145861,804.80
2026-07-29,25,1088400,2417.74
2026-07-27,60,44325,1795.70
2026-06-24,50,1590796,391.02
2026-03-15,68,1119695,1937.64
2026-07-21,31,13691,663.20
2026-03-27,86,1116648,1555.16
2026-05-09,2,174553,891.94
2026-07-02,20,3645,1383.64
2026-05-02,7,104137,1014.59
2026-04-21,30,142609,992.14
2026-03-16,8,149566,284.43
2026-07-15,25,1586987,1483.33
2026-07-10,62,5604,1385.48
2026-04-04,57,75797,1977.99
2026-07-16,25,43337,875.91
2026-04-16,48,63650,1343.39
2026-03-17,66,1098081,1003.30
2026-07-17,33,6930,1951.91
2026-05-01,32,8091,2065.59
2026-03-18,48,111030,837.60
2026-06-30,57,18468,781.22
2026-06-02,23,1092780,609.04
2026-06-21,69,47613,664.28
2026-05-02,20,122080,1845.65
2026-03-19,9,1782828,2379.28
2026-05-21,72,107767,119.52
2026-03-25,73,147949,679.67
2026-06-15,22,20141,395.84
2026-06-06,78,59916,1163.79
2026-05-06,17,70382,1511.77
2026-07-04,19,149462,890.99
2026-07-04,84,16051,177.01
2026-05-02,12,11353,2315.99
2026-06-04,86,107966,370.64
2026-03-17,24,100018,2465.77
2026-03-15,80,158365,1930.66
2026-07-09,11,6683,430.93
2026-04-11,58,77663,287.47
2026-07-04,82,107884,1656.27
2026-07-01,80,103682,899.38
2026-04-02,70,15972,1674.31
2026-06-26,36,1080965,1272.64
2026-04-28,9,1176290,2495.56
2026-07-14,64,5837,1243.28
2026-03-14,78,84869,882.01
2026-03-23,71,1134076,1637.51
2026-03-14,47,1634072,819.83
2026-03-07,80,18876,2431.74
2026-06-14,72,1574120,2231.67
2026-05-28,31,7166,397.17
2026-04-24,30,155296,2088.42
2026-05-09,44,103682,1369.17
2026-04-24,19,1098081,1324.86
2026-03-04,39,1136634,2085.43
2026-05-06,20,85709,691.17
2026-04-16,76,188625,2005.66
2026-04-04,43,1794571,2375.22
2026-05-20,81,148095,1970.19
2026-05-10,73,1084468,1979.36
2026-06-08,25,13996,147.97
2026-05-13,82,107708,1025.13
2026-04-23,64,2339,1389.49
2026-06-24,57,1161033,2320.26
2026-04-04,80,1618004,913.71
2026-07-03,30,163809,413.88
2026-04-24,5,123246,157.18
2026-04-07,21,1794583,945.04
2026-04-17,54,59234,244.02
2026-06-08,75,1594433,1962.09
2026-03-08,82,70214,1577.16
2026-04-11,40,1132811,2280.26
2026-07-28,82,66572,1037.48
2026-05-12,16,3771,472.26
2026-04-08,37,1132270,1063.34
2026-04-24,50,1819240,830.95
2026-07-12,61,107931,1852.01
2026-05-25,35,1080260,2488.29
2026-04-06,1,108338,443.97
2026-04-26,46,1701933,880.00
2026-05-09,80,99061,1162.60
2026-05-02,21,14666,329.10
2026-04-15,52,10801,2250.82
2026-04-06,51,1137970,187.08
2026-05-05,70,19243,1243.01
2026-05-03,69,1646734,1097.52
2026-04-21,2,11725,1895.01
2026-07-05,32,13926,2200.22
2026-07-19,46,65607,418.57
2026-07-23,52,2408,2387.86
2026-05-13,31,78309,525.98
2026-03-10,42,63711,1403.54
2026-05-27,79,1525328,852.43
2026-05-18,14,1120375,347.59
2026-05-13,41,1098539,1808.89
2026-03-30,63,1146322,404.08
2026-07-21,33,1116713,1542.20
2026-05-17,51,1019782,1892.13
2026-05-19,47,1588006,2493.47
2026-03-31,34,71207,1444.11
2026-07-14,48,14538,1058.71
2026-03-31,72,63550,1888.80
2026-05-01,35,1774692,1717.56
2026-03-27,29,1775869,598.15
2026-07-11,70,179633,157.67
2026-04-08,6,63902,1868.46
2026-03-13,3,1174539,685.56
2026-04-06,19,31776,2204.65
2026-06-29,74,18320,2300.66
2026-03-05,65,107884,1990.43
2026-03-11,79,1084468,2290.22
2026-05-05,40,107813,1390.22
2026-03-30,60,1138851,1606.45
2026-03-22,73,12816,625.23
2026-04-28,78,4270,2470.72
2026-03-26,65,1091654,118.22
2026-05-26,79,85938,367.72
2026-04-15,81,11344,156.12
2026-04-01,78,45980,681.45
2026-06-24,63,1168988,2434.46
2026-05-11,13,8960,303.68
2026-06-07,31,1176044,968.95
2026-07-07,66,81435,2405.57
2026-04-22,57,21746,312.88
2026-04-28,1,1002850,1285.27
2026-05-02,2,1790916,864.61
2026-04-07,51,194830,289.62
2026-06-08,42,1629212,1061.23
2026-04-05,48,1127329,2115.02
2026-06-24,61,3124,1056.37
2026-07-10,85,8540,692.17
2026-06-13,26,132245,2392.18
2026-04-04,34,72428,1973.67
2026-04-26,76,79054,1780.45
2026-04-25,77,8015,747.02
2026-03-03,13,189620,1651.11
2026-06-19,68,126244,1695.65
2026-03-09,62,1132311,1958.36
2026-06-04,42,1109889,1030.11
2026-03-08,26,114929,775.86
2026-07-22,53,14530,751.69
2026-05-30,20,102428,191.19
2026-06-29,8,20497,1493.47
2026-03-28,36,107743,1370.80
2026-06-11,48,106932,637.91
2026-05-29,47,87897,774.28
2026-05-24,40,142609,2071.55
2026-04-14,40,1094690,2171.22
2026-06-07,40,67439,2276.04
2026-04-19,9,71257,1927.81
2026-06-25,37,107526,839.82
2026-04-28,77,1128421,895.62
2026-06-07,28,1710,2290.25
2026-05-17,30,168451,1402.39
2026-07-20,81,1800217,583.84
2026-07-19,69,3193,666.77
2026-05-07,77,1148281,623.75
2026-06-14,45,1808954,356.73
2026-04-15,39,11083,602.46
2026-05-19,58,1618026,2443.92
2026-04-21,60,176248,1600.73
2026-07-29,20,9055,1920.79
2026-03-23,20,149135,1500.44
2026-05-27,84,3866,814.17
2026-07-17,69,155644,1335.15
2026-06-10,43,14954,1873.81
2026-05-18,38,168451,1302.48
2026-04-28,10,38840,416.78
2026-04-02,27,118447,1994.82
2026-07-23,78,16037,111.64
2026-07-27,54,1118417,1566.12
2026-03-21,53,1108795,838.93
2026-07-09,37,107366,1377.99
2026-04-18,68,1101125,686.69
2026-07-02,56,91792,640.42
2026-06-11,9,163824,2194.71
2026-06-04,81,1154318,943.05
2026-05-25,5,10234,1533.06
2026-07-24,8,109730,1430.02
2026-05-13,33,48940,1375.71
2026-06-24,69,1095610,2012.70
2026-07-29,87,1614176,571.34
2026-04-13,13,1814686,131.39
2026-06-30,56,9937,1090.70
2026-05-23,76,107638,2235.85
2026-07-04,27,7222,2377.43
2026-03-14,39,1605734,659.71
2026-03-15,39,84327,214.23
2026-04-16,14,18357,1163.77
2026-03-29,46,73239,1207.02
2026-07-19,1,53972,793.34
2026-03-24,59,155010,184.01
2026-05-26,55,1006390,1505.40
2026-03-26,27,146746,1052.49
2026-07-21,12,1118415,1634.84
2026-04-24,75,5837,707.41
2026-05-20,65,97522,549.10
2026-03-31,46,75934,2424.29
2026-03-13,78,8385,931.13
2026-06-01,70,1100465,1552.27
2026-04-30,25,1171287,916.86
2026-05-13,68,107679,927.62
2026-07-11,19,1040727,2000.09
2026-04-20,79,1132271,348.67
2026-07-01,73,1598249,2042.74
2026-04-26,46,1634590,1780.38
2026-05-26,22,1619164,1218.13
2026-06-02,22,1137969,1050.78
2026-03-15,50,1593944,1469.91
2026-03-15,3,86949,1293.94
2026-06-19,6,1174322,826.24
2026-07-26,34,1006512,1249.28
2026-07-29,68,20557,891.18
2026-06-12,63,81051,2399.57
2026-04-27,52,106171,2311.03
2026-05-19,23,15083,1258.00
2026-03-20,23,1106130,1366.75
2026-05-07,36,1142452,2173.91
2026-06-10,86,1618026,409.93
2026-05-09,85,187479,1636.28
2026-07-27,10,1772405,2366.17
2026-04-25,53,189187,497.67
2026-03-27,76,154914,881.30
2026-05-21,51,1770988,123.84
2026-04-16,33,18848,1366.65
2026-06-06,39,118457,433.93
2026-05-25,14,8396,709.51
2026-04-07,12,44342,1162.44
2026-06-28,8,10264,2369.52
2026-05-29,79,19100,945.57
2026-06-28,74,1105294,1998.98
2026-07-10,59,5420,1605.23
2026-06-29,77,1648255,1986.53
2026-06-02,77,131785,392.96
2026-05-18,69,65846,1229.76
2026-06-26,59,100165,1871.37
2026-07-07,43,1818092,326.22
2026-03-11,74,176760,733.57
2026-05-31,5,11344,117.01
2026-05-15,62,179021,1322.92
2026-04-02,68,171970,1982.75
2026-03-21,70,1145861,2279.33
2026-06-25,49,49614,571.81
2026-04-26,75,147080,1992.46
2026-04-03,6,1696813,1424.56
2026-06-14,70,1838616,1995.68
2026-04-29,84,6430,801.04
2026-03-19,86,146746,110.53
2026-05-22,59,10148,1391.29
2026-05-06,40,107631,2474.05
2026-06-18,42,1127613,1992.99
2026-03-10,41,124281,1375.06
2026-06-04,53,1649335,2258.49
2026-06-06,68,46417,2164.35
2026-05-01,86,194144,887.94
2026-03-23,50,107602,1680.20
2026-03-31,10,1112599,2492.48
2026-07-11,31,20194,796.28
2026-04-20,61,1813428,1981.45
2026-05-29,19,15995,1977.07
2026-03-30,11,163533,2470.52
2026-04-17,55,143361,2438.89
2026-03-15,87,22906,324.08
2026-05-16,72,17184,1970.78
2026-04-23,45,1654554,1470.24
2026-04-02,70,120986,2044.20
2026-04-09,47,1143811,560.91
2026-05-17,76,1111230,2497.34
2026-06-11,85,1747006,723.33
2026-07-28,53,66638,1157.80
2026-05-08,26,50595,1017.92
2026-07-29,58,187222,1714.76
2026-04-08,65,1830420,342.24
2026-06-17,26,76293,1100.51
2026-05-01,50,7187,2249.48
2026-03-19,31,176592,1795.79
2026-04-25,83,60987,2342.37
2026-07-01,36,7291,1616.47
2026-05-09,55,145380,1979.30
2026-07-09,64,152892,1606.99
2026-04-03,82,1785917,1955.79
2026-04-21,47,1169462,1110.37
2026-07-24,33,4503,1139.31
2026-03-23,24,176330,533.89
2026-07-22,67,1166522,2322.77
2026-05-11,60,1163711,2293.08
2026-07-19,22,20847,1911.44
2026-05-27,18,1643244,1712.33
2026-03-14,25,18187,1884.28
2026-07-05,86,124160,1078.28
2026-05-07,78,65952,1344.19
2026-06-04,4,4195,2058.65
2026-03-03,77,1080834,1304.93
2026-05-29,36,175365,2047.29
2026-05-19,41,1102538,2152.60
2026-04-17,67,1110134,259.81
2026-05-09,10,13194,257.71
2026-04-22,10,104814,1587.86
2026-03-31,48,199111,2354.01
2026-03-19,53,1778872,760.30
2026-05-31,49,132023,2348.37
2026-05-08,34,1117445,1108.19
2026-06-21,28,1125214,204.18
2026-04-08,77,1002268,968.38
2026-07-30,74,1603556,113.43
2026-05-04,35,115882,682.76
2026-05-14,50,63708,1509.28
2026-06-08,84,1604511,2161.62
2026-07-06,68,1098657,1765.77
2026-07-19,15,185194,1418.66
2026-06-28,44,100982,572.71
2026-05-07,53,107186,1082.17
2026-04-22,69,143791,2437.41
2026-04-11,22,63638,1618.18
2026-06-19,23,1710594,1813.11
2026-06-04,82,1113723,1804.42
2026-07-15,82,5812,2368.41
2026-03-14,85,107965,553.87
2026-04-30,36,85167,1978.02
2026-05-09,13,1150708,397.88
2026-03-06,50,88509,2398.49
2026-03-05,38,64064,1330.65
2026-05-17,34,112510,117.18
2026-03-31,72,1132098,1749.36
2026-03-10,79,1712187,2271.15
2026-06-08,69,1146826,2320.21
2026-03-12,46,107563,1235.54
2026-04-22,82,1116362,545.85
2026-03-16,67,10234,1298.89
2026-04-13,54,149463,287.16
2026-07-07,17,22758,325.83
2026-06-04,17,15810,1246.27
2026-04-08,70,3164,342.85
2026-03-14,43,63567,1320.55
2026-03-06,49,1108259,408.76
2026-05-11,58,70475,2365.99
2026-07-17,26,192515,1150.31
2026-06-28,84,1006390,262.43
2026-04-04,73,10401,487.88
2026-07-03,11,146155,1085.97
2026-06-10,56,68635,1545.62
2026-06-09,57,63686,1968.21
2026-07-27,41,175808,1046.91
2026-07-22,83,79240,744.40
2026-04-29,6,1078057,1938.57
2026-05-29,7,106932,545.64
2026-03-18,62,1613577,1018.06
2026-07-01,7,107647,1684.32
2026-07-25,57,53004,1410.90
2026-05-21,11,74182,1282.94
2026-06-17,74,1646566,790.70
2026-04-17,23,140680,814.67
2026-06-27,20,52892,1669.85
2026-04-20,32,1575722,2012.70
2026-03-13,25,63685,1718.43
2026-07-03,20,1697441,1822.90
2026-05-05,35,1570665,526.92
2026-05-31,1,185061,1194.44
2026-07-21,19,12555,2298.12
2026-05-18,9,82252,2010.29
2026-04-17,11,22169,874.79
2026-07-25,16,107810,2215.50
2026-05-03,60,1119102,1687.19
2026-03-11,8,57411,176.01
2026-07-03,13,153357,2454.80
2026-05-12,49,107332,332.06
2026-07-07,57,17288,221.04
2026-07-01,69,1156556,576.39
2026-03-07,3,1811215,860.66
2026-03-19,83,100605,1479.63
2026-06-01,70,1161031,1075.44
2026-07-11,66,134762,219.92
2026-06-01,28,159727,348.50
2026-04-08,68,123204,519.31
2026-06-26,87,20191,1603.55
2026-03-22,72,5025,294.64
2026-04-21,22,112837,1011.40
2026-06-21,40,22172,1485.21
2026-05-20,6,1148913,2210.14
2026-05-13,31,1640614,1301.92
2026-05-24,66,1818059,2307.46
2026-05-23,25,11723,2355.42
2026-05-14,50,1690023,780.09
2026-07-17,18,129205,860.34
2026-03-13,55,99294,561.56
2026-06-20,31,52691,1934.56
2026-05-25,66,49740,947.88
2026-05-14,62,1614176,2062.30
2026-06-10,18,142906,2251.93
2026-04-21,67,1838444,1946.02
2026-03-12,84,920,2216.40
2026-03-31,54,2371,1379.33
2026-05-26,46,115703,591.08
2026-05-26,17,1006885,1212.07
2026-06-13,67,1574203,1618.66
2026-07-21,54,1080834,1603.43
2026-07-16,32,1153000,572.96
2026-05-24,60,1771083,514.02
2026-04-06,14,22157,2393.83
2026-06-21,19,79218,981.01
2026-03-01,82,107188,1605.28
2026-06-15,12,165362,589.27
2026-07-07,42,10258,1711.01
2026-06-24,3,1776891,2424.83
2026-07-15,78,9899,1790.53
2026-07-19,66,79981,1212.36
2026-07-11,24,4169,2403.45
2026-04-10,69,1853023,580.86
2026-05-12,63,63617,993.86
2026-07-20,35,63640,1687.90
2026-07-08,64,1155277,355.76
2026-04-30,58,1569582,1099.32
2026-04-25,46,8065,2020.66
2026-04-24,75,1132540,446.74
2026-04-21,18,1607968,243.94
2026-06-25,79,1589437,2455.60
2026-04-21,48,150755,2088.55
2026-07-22,20,1614450,573.83
2026-04-14,65,1107205,1032.54
2026-05-13,69,7667,208.16
2026-03-12,60,1156439,663.01
2026-05-18,60,112561,2454.92
2026-07-04,66,4270,1759.09
2026-06-24,41,106905,1206.77
2026-04-10,15,7033,1093.54
2026-06-05,47,20642,1282.38
2026-03-18,8,5655,1218.29
2026-07-18,70,65705,1124.02
2026-03-31,22,4599,1968.57
2026-06-10,59,63832,448.42
2026-05-07,24,95402,2355.08
2026-03-06,14,63713,1357.84
2026-04-24,21,1853023,2493.76
2026-06-30,44,89260,125.97
2026-06-04,1,94314,488.89
2026-06-12,44,5652,1912.24
2026-07-07,63,7730,2373.86
2026-06-24,35,5425,603.55
2026-04-21,36,15951,1684.97
2026-06-12,14,20860,1210.90
2026-05-03,40,192517,437.35
2026-06-21,61,66997,2351.76
2026-05-03,63,1132572,1346.58
2026-03-23,54,1634072,237.73
2026-05-27,30,1132270,2060.13
2026-04-20,29,921,558.72
2026-06-30,70,1785935,709.64
2026-06-09,79,62414,561.98
2026-05-24,53,1120255,2166.10
2026-07-22,85,176330,231.12
2026-04-08,11,4789,2299.83
2026-05-16,61,63804,929.61
2026-04-30,6,1661899,298.68
2026-06-12,67,141683,954.55
2026-04-03,34,5485,2455.10
2026-05-23,36,1137144,1039.70
2026-03-30,27,11832,915.71
2026-06-07,39,1132098,518.62
2026-06-05,83,1095834,282.52
2026-07-05,19,5300,663.92
2026-06-21,87,1102670,2431.83
2026-07-07,6,141895,1450.05
2026-07-25,11,9832,2345.88
2026-04-03,52,18504,1045.59
2026-03-12,87,60206,2475.32
2026-05-26,45,18914,1494.80
2026-06-19,59,116876,1798.36
2026-05-03,47,65716,1458.93
2026-04-07,22,71204,2233.43
2026-03-30,44,1126074,884.16
2026-06-13,47,1670259,2475.07
2026-04-14,35,66921,1472.80
2026-03-10,41,15474,1397.63
2026-07-04,76,1743361,102.73
2026-04-10,18,1159636,666.54
2026-07-24,67,118665,1220.43
2026-06-02,29,6662,360.87
2026-04-07,56,19948,1610.73
2026-06-05,32,5326,1320.15
2026-06-10,50,1710594,158.49
2026-03-25,80,4846,2177.69
2026-03-09,87,148731,1057.83
2026-05-04,70,1113721,1561.50
2026-05-03,52,62471,2016.89
2026-04-28,12,1004845,803.87
2026-05-09,21,1615898,2093.87
2026-07-03,30,134712,535.75
2026-03-31,30,19744,2413.34
2026-04-19,7,1003755,1190.65
2026-04-14,36,70478,1544.59
2026-03-23,54,1572798,1290.09
2026-07-30,40,1014539,329.90
2026-04-26,7,153277,817.61
2026-03-06,56,74171,2418.57
2026-04-07,44,1607372,2429.26
2026-04-10,30,1003755,1922.33
2026-06-04,31,48761,647.35
2026-04-10,23,176389,840.82
2026-03-25,24,84449,1893.68
2026-03-03,11,19748,1046.89
2026-03-26,46,1168864,1267.94
2026-06-02,40,93041,196.77
2026-04-15,71,1713887,1978.57
2026-03-23,28,1146133,393.88
2026-05-13,57,157250,1055.21
2026-06-16,23,139721,1730.88
2026-06-14,60,111163,304.43
2026-03-26,57,1671700,1054.61
2026-05-15,81,1750410,1624.22
2026-04-20,5,1118385,946.57
2026-07-03,4,1586902,2217.06
2026-05-09,4,107409,1718.03
2026-03-26,21,78904,395.82
2026-06-12,3,8538,1442.79
2026-03-30,70,2395,1512.54
2026-04-10,16,51448,752.80
2026-03-27,63,1115197,2382.90
2026-06-25,54,191035,206.74
2026-05-27,16,1159578,451.81
2026-07-28,36,55129,356.89
2026-04-19,52,63864,463.16
2026-04-12,26,12205,1550.54
2026-06-19,14,14652,168.47
2026-07-14,15,127825,876.95
2026-06-18,52,1610904,1185.62
2026-04-18,12,109712,1710.16
2026-06-26,33,1734223,960.81
2026-06-19,6,114613,662.05
2026-03-16,58,74556,427.57
2026-03-29,27,1154300,1270.26
2026-03-23,43,67797,1464.95
2026-07-12,45,198315,1748.50
2026-05-25,27,109221,1429.37
2026-04-12,13,186551,2276.07
2026-06-12,15,10708,320.36
2026-05-02,69,141636,2399.69
2026-06-20,80,103095,1182.91
2026-07-27,24,18850,2484.41
2026-06-17,77,18478,1511.94
2026-05-28,13,63885,891.15
2026-03-18,60,107679,1816.91
2026-04-07,41,12044,2078.70
2026-06-25,46,1812869,1083.73
2026-04-03,56,6366,1595.39
2026-04-23,27,65784,1597.05
2026-04-23,19,149018,1645.51
2026-04-08,17,18292,899.63
2026-05-10,9,1165740,485.66
2026-06-07,22,1006448,1174.16
2026-04-01,13,44728,1231.12
2026-05-31,25,10465,525.60
2026-04-08,50,68888,1847.73
2026-07-02,48,1709765,153.32
2026-07-02,80,6379,1120.93
2026-05-27,78,90428,1710.73
2026-04-30,49,10782,879.74
2026-05-01,45,16766,2148.27
2026-07-08,77,1799502,199.06
2026-06-25,38,180550,2373.28
2026-06-10,15,1127331,2144.44
2026-03-24,60,79240,1325.50
2026-04-11,35,1149411,1668.26
2026-06-07,83,82203,887.27
2026-04-19,30,99113,1345.82
2026-06-02,39,50547,795.15
2026-07-24,42,1114979,841.18
2026-06-26,18,118506,131.68
2026-07-10,70,4089,1675.15
2026-06-26,71,1000602,460.90
2026-07-01,47,1108199,2219.67
2026-06-27,15,114616,1074.86
2026-07-02,51,13582,1467.63
2026-03-18,37,94893,1902.02
2026-03-13,52,1103466,1235.86
2026-06-18,44,12890,1621.04
2026-07-13,25,17289,1501.68
2026-05-28,4,1006482,719.76
2026-07-20,71,17289,1490.69
2026-04-18,37,14642,1941.40
2026-04-08,54,20017,1205.69
2026-05-04,26,1663797,1364.61
2026-06-27,10,18223,680.68
2026-05-28,16,14769,964.15
2026-07-28,39,1750410,1922.03
2026-05-29,49,106918,356.39
2026-04-10,10,1097311,2129.90
2026-04-29,30,6410,806.50
2026-06-01,79,149400,1374.34
2026-06-01,80,1176299,698.05
2026-05-22,61,15024,1920.62
2026-05-26,50,1786911,720.49
2026-04-09,85,72370,278.67
2026-07-08,13,1135289,2221.68
2026-05-29,48,4522,770.71
2026-03-31,47,1808955,764.05
2026-07-08,10,90428,2374.87
2026-03-29,8,41514,2100.81
2026-03-14,31,1106695,1511.47
2026-05-31,41,1092445,1670.13
2026-04-28,37,15686,858.61
2026-03-27,68,1626563,955.73
2026-05-24,42,5298,1370.01
2026-05-16,60,2629,1057.30
2026-05-02,57,16562,2160.69
2026-06-17,56,6111,247.08
2026-03-14,60,143777,1671.10
2026-04-07,77,11287,2263.35
2026-07-21,23,6236,1154.06
2026-07-13,81,147786,539.27
2026-04-22,50,18292,1738.52
2026-05-13,62,100096,775.86
2026-05-22,44,1017526,1091.12
2026-06-03,31,142906,447.43
2026-04-24,74,1690331,459.88
2026-04-12,48,1779163,654.20
2026-06-08,73,191035,921.48
2026-07-28,59,1702666,2165.65
2026-04-05,22,107740,1899.15
2026-06-04,36,1001199,1198.71
2026-03-07,65,1776437,2157.38
2026-05-28,79,11236,1632.78
2026-07-06,79,124282,1697.27
2026-04-08,66,52729,2152.86
2026-03-12,39,63753,1211.22
2026-04-03,74,112659,439.54
2026-05-13,27,113000,531.34
2026-03-17,20,2931,2087.40
2026-06-22,16,114091,1495.25
2026-03-08,82,21237,1858.34
2026-07-06,71,1782161,1227.03
2026-04-30,84,158338,2213.48
2026-06-15,13,1159284,2359.80
2026-05-29,24,147883,471.44
2026-03-27,55,1121669,270.46
2026-04-16,77,86808,2408.90
2026-07-23,7,1635067,1596.99
2026-07-19,65,56847,2257.01
2026-07-14,4,15749,1486.77
2026-07-27,55,2790,150.18
2026-07-20,57,107770,1082.67
2026-05-11,87,15653,1709.81
2026-05-07,76,189100,979.37
2026-05-22,65,107690,1676.01
2026-03-10,50,56734,1795.71
2026-05-02,17,104506,1045.68
2026-05-24,80,1039614,2401.85
2026-03-04,38,1593491,288.70
2026-05-11,73,44104,1393.14
2026-05-31,54,55861,926.39
2026-05-28,65,7340,1572.43
2026-06-01,85,63695,2198.56
2026-05-09,65,1831708,1183.76
2026-06-25,28,9143,639.08
2026-07-25,68,1615884,1794.08
2026-06-22,22,63299,673.54
2026-07-01,1,19952,1779.37
2026-05-03,77,9423,1523.33
2026-03-06,15,60828,839.72
2026-07-22,80,9957,1491.11
2026-07-02,84,79150,752.19
2026-04-29,80,126162,2359.16
2026-07-18,82,19577,2122.01
2026-06-27,17,59795,938.78
2026-03-16,27,1603,1463.54
2026-04-18,59,1574648,2062.48
2026-03-14,1,41565,545.00
2026-05-15,11,3771,634.54
2026-05-22,45,1643864,814.46
2026-07-25,3,1083481,1403.39
2026-03-19,11,1096118,2069.40
2026-03-22,52,1594433,190.88
2026-07-29,22,112397,1637.59
2026-06-05,69,1014868,215.06
2026-06-06,46,112230,1408.56
2026-05-21,26,162118,1932.33
2026-06-18,82,1040727,1687.33
2026-06-12,47,1127268,2384.10
2026-07-12,29,1088300,1377.61
2026-04-22,81,8278,1411.22
2026-07-08,79,1097764,2030.87
2026-06-25,22,1690243,429.41
2026-05-24,27,1650193,731.34
2026-03-26,73,1035741,2185.97
2026-04-19,68,165237,1872.57
2026-07-23,45,1080523,444.47
2026-07-02,55,55861,1521.11
2026-03-12,54,67162,740.34
2026-05-20,9,1125847,876.98
2026-06-11,77,162119,1474.46
2026-05-18,73,8199,2401.59
2026-05-14,32,1807327,929.74
2026-06-29,27,1600096,675.83
2026-06-12,1,1795465,545.72
2026-06-09,24,1127327,2485.31
2026-05-30,81,80754,1769.53
2026-07-02,62,1591823,326.77
2026-06-04,21,77663,2497.50
2026-07-21,51,1592731,1414.33
2026-05-23,43,8284,259.20
2026-04-02,1,1742393,1748.55
2026-05-23,70,1116678,1221.56
2026-04-22,33,1653929,2446.05
2026-05-10,40,157664,545.49
2026-03-18,65,1139534,1469.23
2026-07-17,42,188003,2330.70
2026-04-26,54,66100,285.41
2026-04-03,85,65657,623.30
2026-07-22,47,107708,1368.78
2026-03-26,56,31776,2298.16
2026-03-20,82,1133418,2133.27
2026-03-01,14,197633,1753.65
2026-04-20,41,57411,1120.64
2026-04-17,31,12310,2299.74
2026-05-07,37,14973,620.68
2026-06-04,85,1602929,1083.38
2026-06-22,53,1787193,1105.20
2026-07-19,86,163250,563.16
2026-05-13,14,1083213,1157.81
2026-03-05,54,1807852,767.18
2026-05-29,73,1068237,865.02
2026-04-12,77,1094246,376.09
2026-05-11,79,6903,798.40
2026-06-02,43,1135289,2276.62
2026-03-13,49,18847,572.97
2026-04-06,4,107632,1158.43
2026-04-22,19,63788,831.38
2026-03-17,44,1116713,2236.43
2026-07-20,20,1116744,546.01
2026-03-31,7,50619,1337.24
2026-04-13,1,54628,2219.41
2026-05-27,20,12436,760.00
2026-07-26,46,63578,514.98
2026-06-29,78,95677,795.11
2026-03-21,4,79291,143.14
2026-04-29,14,55861,1314.25
2026-07-18,38,120660,193.01
2026-04-16,6,20654,2102.14
2026-03-02,85,174334,1387.62
2026-07-15,46,1148380,2122.95
2026-06-03,59,107749,372.90
2026-03-12,66,1945,2006.28
2026-05-13,34,1838444,2468.05
2026-07-14,22,75906,1049.12
2026-07-14,71,70613,307.44
2026-05-04,71,72430,873.52
2026-04-26,59,47141,1814.56
2026-06-08,73,99999,440.86
2026-05-31,4,107173,286.67
2026-04-15,69,1117445,258.18
2026-07-07,4,1136444,1908.03
2026-06-04,70,1772524,1587.02
2026-04-26,73,1080797,1428.28
2026-03-15,70,106916,503.22
2026-07-20,73,70535,1927.98
2026-04-18,61,187370,824.71
2026-05-17,51,47754,776.03
2026-05-04,41,151175,1631.89
2026-06-20,59,139717,1737.93
2026-03-17,5,1129573,354.78
2026-03-23,69,1000144,1705.31
2026-07-20,38,89698,2305.73
2026-04-12,60,50619,1289.71
2026-07-12,18,1091270,2239.53
2026-07-16,26,1808967,358.45
2026-03-02,79,167867,368.26
2026-06-22,44,133984,440.56
2026-06-21,2,137525,1515.98
2026-04-19,28,107370,340.63
2026-03-18,61,7081,418.31
2026-05-22,22,165428,297.43
2026-07-09,18,51885,1882.92
2026-05-08,72,65645,2215.75
2026-06-21,57,1812856,1554.19
2026-03-08,65,18357,1281.44
2026-07-17,8,14926,2442.45
2026-06-09,80,145836,2206.66
2026-05-13,13,1125638,627.19
2026-04-29,83,13983,2346.47
2026-03-01,49,1525328,354.93
2026-07-29,47,80526,1869.67
2026-07-01,55,15750,2229.59
2026-03-22,78,89243,874.92
2026-03-24,36,80833,417.94
2026-05-12,6,65691,1620.72
2026-03-07,68,122460,315.09
2026-06-19,66,1129855,1315.52
2026-03-31,53,67131,1717.30
2026-03-12,20,1109353,1767.13
2026-04-04,69,78904,2312.27
2026-05-07,58,99630,947.30
2026-04-12,80,1713808,1907.89
2026-03-28,48,1132401,783.23
2026-07-22,20,122462,1745.61
2026-03-18,15,9288,779.32
2026-04-01,66,76356,1733.52
2026-04-25,60,15700,1730.78
2026-04-21,54,1646100,1646.08
2026-06-11,36,55843,1102.63
2026-04-27,78,84805,1957.81
2026-07-03,44,1588483,1164.75
2026-05-28,82,1172780,381.47
2026-04-21,66,16630,765.35
2026-06-21,33,42309,207.70
2026-06-20,58,7005,2061.83
2026-07-11,60,5154,229.75
2026-07-30,19,136248,1880.56
2026-03-26,70,2329,2244.58
2026-05-24,59,1083233,105.59
2026-07-21,3,11929,2155.31
2026-07-28,83,165325,1486.53
2026-04-20,65,1110295,1096.69
2026-04-21,82,1784036,1355.74
2026-03-21,11,109890,1542.25
2026-03-07,59,77368,2183.90
2026-06-11,1,178013,937.79
2026-03-20,3,4949,2199.03
2026-04-23,17,9288,336.90
2026-05-10,1,1770223,2217.20
2026-05-10,80,97049,1509.45
2026-07-19,65,1093876,1812.50
2026-03-07,16,107538,987.39
2026-03-23,28,100170,757.34
2026-04-08,22,159676,2327.03
2026-05-18,35,1594967,2336.27
2026-05-13,72,6902,660.20
2026-05-25,25,126253,1824.32
2026-07-28,15,1169767,207.62
2026-07-11,87,73170,503.48
2026-05-04,66,1713434,1527.28
2026-03-13,52,61915,368.53
2026-04-11,19,96141,1846.49
2026-06-02,50,42621,2351.43
2026-06-23,9,66692,2340.72
2026-03-04,37,138536,1704.06
2026-07-03,86,115329,312.56
2026-03-15,41,61003,2205.26
2026-05-19,7,1132811,2215.52
2026-03-28,61,1094362,221.42
2026-05-23,69,59543,252.71
2026-06-19,47,5382,759.66
2026-03-15,78,115329,1434.58
2026-03-07,25,40815,2424.69
2026-05-23,10,1122385,1000.68
2026-05-04,7,2439,1048.75
2026-07-03,84,1786700,1410.15
2026-06-30,58,20191,674.60
2026-06-22,26,139717,2489.40
2026-04-13,51,7801,684.15
2026-06-21,28,102430,1437.39
2026-06-08,16,94336,2246.44
2026-07-30,5,5779,369.08
2026-07-19,19,1743358,1360.45
2026-05-22,85,1568749,280.39
2026-04-09,46,4475,1905.36
2026-03-01,8,1671447,1711.59
2026-04-02,2,149539,955.91
2026-06-21,33,1145870,108.12
2026-07-07,29,63724,1176.84
2026-07-08,76,1131411,926.69
2026-05-29,62,1175248,1024.59
2026-06-09,47,1129407,2092.09
2026-05-01,16,1794537,2330.61
2026-04-24,57,1574115,1164.73
2026-03-21,58,1647114,1102.37
2026-06-24,86,12022,1923.96
2026-07-21,22,1649174,846.90
2026-03-27,75,192517,1789.99
2026-03-03,83,1115197,574.97
2026-05-30,73,1165935,2316.23
2026-06-17,3,134336,1801.51
2026-05-01,46,5616,1885.59
2026-04-17,37,1014539,900.15
2026-07-13,28,134125,2173.46
2026-05-22,74,1108164,1445.11
2026-07-28,69,150938,519.47
2026-03-13,62,1096152,559.93
2026-03-19,60,1098081,874.55
2026-04-09,15,16824,1824.42
2026-07-26,19,61915,1071.25
2026-05-29,58,65397,2426.63
2026-06-03,62,107675,2078.43
2026-05-08,83,42040,522.04
2026-03-29,59,12985,560.35
2026-04-20,46,11250,1635.13
2026-05-17,24,19466,2005.45
2026-04-29,87,2527,151.95
2026-06-01,64,143802,2372.76
2026-06-19,32,1572895,1876.09
2026-04-05,81,107642,633.64
2026-03-10,12,1846497,2064.04
2026-03-25,51,5640,505.71
2026-07-26,8,1744554,2018.23
2026-03-04,67,22097,1388.46
2026-07-24,48,65518,1720.99
2026-04-12,39,1765807,1894.61
2026-03-02,25,1125214,529.95
2026-07-06,21,1180682,1280.85
2026-04-05,32,8278,2387.60
2026-06-21,57,1814670,730.53
2026-07-02,33,46971,2183.76
2026-07-12,78,86258,1320.75
2026-05-08,52,80833,1275.67
2026-03-11,15,1129581,270.15
2026-04-21,24,5712,1381.60
2026-06-24,70,22764,430.94
2026-03-19,21,17003,1694.95
2026-04-09,39,17757,1091.35
2026-05-26,7,1578667,486.86
2026-04-29,8,107656,1172.42
2026-05-04,15,57826,1056.57
2026-05-12,43,7730,1356.10
2026-03-16,12,53169,1298.71
2026-05-07,60,60206,1522.67
2026-07-29,29,1006484,1590.75
2026-03-31,74,9728,238.00
2026-05-03,10,16879,497.02
2026-04-28,70,16238,1631.94
2026-07-05,41,149067,983.38
2026-04-23,18,1130301,1980.49
2026-05-31,76,1089484,313.29
2026-07-05,72,11058,1954.36
2026-05-10,25,1166550,1907.50
2026-06-25,68,1149050,2178.58
2026-07-04,63,1741771,1495.57
2026-07-14,56,98532,1398.14
2026-06-14,56,11781,1613.72
2026-06-26,50,1087948,638.21
2026-03-24,11,95329,505.73
2026-05-28,36,11926,2441.74
2026-03-03,60,11657,2285.76
2026-05-15,40,139764,2264.67
2026-03-29,69,11312,1210.69
2026-05-03,33,65618,1567.48
2026-05-20,26,110301,762.19
2026-03-09,14,1135945,165.86
2026-04-25,82,63807,1081.75
2026-03-26,40,107530,2003.27
2026-05-31,81,98340,2041.25
2026-07-25,61,63765,221.79
2026-07-17,73,1569856,1695.06
2026-04-12,8,1631162,1350.28
2026-06-19,3,1718736,788.11
2026-03-08,26,6747,2148.60
2026-05-24,21,67439,337.15
2026-05-02,41,40891,2005.64
2026-03-16,48,185061,1603.37
2026-03-05,32,68635,705.47
2026-05-15,30,8089,634.45
2026-06-11,38,16766,1279.84
2026-04-02,26,1087179,884.51
2026-07-28,54,2123,244.40
2026-05-29,39,90168,1366.42
2026-07-30,24,1127167,526.75
2026-06-05,46,162956,1322.30
2026-04-25,49,1660356,1804.12
2026-03-16,31,56940,420.68
2026-05-11,65,42983,439.54
2026-07-12,19,75936,2470.96
2026-04-15,12,1772653,1517.40
2026-06-24,25,3438,925.24
2026-04-20,24,1808955,1332.78
2026-05-17,69,99659,2002.04
2026-03-03,4,1573065,958.41
2026-06-29,18,20407,2386.16
2026-07-30,57,44282,2342.74
2026-04-23,56,1019768,722.99
2026-03-03,44,134064,2484.65
2026-06-09,19,107373,767.01
2026-06-13,41,72817,1203.25
2026-07-16,36,185059,1740.78
2026-05-21,19,5504,1072.95
2026-05-21,19,126253,250.91
2026-04-05,23,8773,989.12
2026-04-28,75,13914,1845.95
2026-04-02,77,1102770,1871.95
2026-04-26,53,42309,2284.99
2026-06-15,79,66468,2217.09
2026-04-28,82,175808,2463.17
2026-06-12,67,46528,1472.52
2026-05-18,9,10700,1866.58
2026-06-17,55,11141,2158.54
2026-06-06,14,1603478,2426.25
2026-04-11,86,1022422,1419.70
2026-06-25,31,85358,1388.10
2026-07-13,60,179765,477.54
2026-05-21,2,138048,2189.05
2026-05-03,61,1113680,1593.56
2026-03-18,15,119749,1253.04
2026-07-03,46,1157927,837.66
2026-03-22,50,81587,2198.68
2026-05-09,32,1134076,1560.65
2026-03-21,71,1089484,1416.70
2026-05-25,57,1000975,2315.33
2026-05-15,27,1575752,641.27
2026-05-22,5,73971,751.76
2026-03-27,34,1070056,1279.44
2026-07-18,61,15066,841.34
2026-06-03,79,3240,1294.43
2026-06-10,62,1108023,1840.76
2026-06-03,84,1793677,807.02
2026-04-17,60,105367,235.26
2026-03-19,69,18730,1532.94
2026-05-10,55,1761942,1739.57
2026-07-12,63,130595,2165.85
2026-04-14,16,7319,2389.69
2026-04-01,23,1111815,1673.97
2026-05-12,11,1096152,1175.53
2026-07-09,41,149709,905.04
2026-07-11,61,1668943,980.69
2026-05-18,27,83303,231.88
2026-06-01,60,17531,1270.01
2026-05-14,24,190318,1305.81
2026-07-02,77,1601918,2157.07
2026-04-25,14,1091353,1403.08
2026-05-21,18,1089744,297.60
2026-04-05,46,80705,1182.41
2026-06-02,80,21014,2225.74
2026-04-24,12,66004,230.26
2026-06-29,40,65681,438.23
2026-05-18,68,77946,324.77
2026-05-20,7,2028,745.92
2026-05-17,81,107433,2055.45
2026-03-18,84,1820318,1681.62
2026-03-20,6,1134076,1097.61
2026-05-11,35,107441,1453.95
2026-03-02,48,1592390,1817.15
2026-03-14,62,164413,477.88
2026-03-20,44,1618026,978.72
2026-05-02,62,1109889,359.18
2026-06-14,86,1136121,2215.26
2026-07-26,69,122458,1810.11
2026-05-02,85,1807220,2105.66
2026-05-12,77,1108318,355.91
2026-04-01,45,1127167,2262.66
2026-03-12,16,1712187,626.70
2026-03-05,30,63364,1223.85
2026-04-05,33,120587,2386.05
2026-05-12,24,109349,1245.90
2026-03-21,56,9838,2340.36
2026-07-24,69,10395,310.52
2026-07-15,87,1783994,1723.68
2026-03-10,46,10709,1970.20
2026-05-25,65,1106856,665.24
2026-03-21,66,1126435,112.34
2026-06-09,21,2668,2464.49
2026-04-24,17,1095373,388.06
2026-06-15,72,172625,1335.29
2026-03-12,21,63797,1423.25
2026-04-01,27,1444006,923.61
2026-05-02,1,1670,1288.52
2026-05-23,54,11253,1111.87
2026-07-24,31,4232,213.58
2026-03-23,62,22906,514.34
2026-04-14,64,1132287,2193.38
2026-07-12,46,1125253,790.78
2026-04-30,31,70939,1762.84
2026-04-24,70,1650723,1404.69
2026-07-16,72,1659407,1142.98
2026-06-26,10,1807327,606.55
2026-03-12,47,146381,1113.92
2026-06-22,42,1108968,2018.29
2026-03-05,8,199058,1038.07
2026-03-28,56,1572881,1966.31
2026-06-27,78,6420,597.77
2026-04-06,80,1618121,1428.51
2026-07-26,27,31779,2248.38
2026-06-26,85,1607834,179.29
2026-05-03,29,1068955,1868.24
2026-03-20,58,22895,1038.19
2026-04-27,84,1772641,1626.42
2026-07-23,34,10962,110.00
2026-03-11,39,15132,958.67
2026-05-11,84,19141,1761.86
2026-04-17,34,144228,1947.13
2026-05-15,20,1089111,607.69
2026-05-02,54,148727,425.05
2026-04-20,8,20017,1069.93
2026-07-11,6,1106362,690.86
2026-03-15,15,10243,2054.07
2026-03-07,31,171404,1942.69
2026-06-17,38,2444,1080.91
2026-04-06,50,65675,1711.45
2026-03-25,74,130794,108.12
2026-07-30,45,94593,118.64
2026-05-21,36,20278,1177.77
2026-03-17,4,163974,2268.24
2026-06-22,75,150848,2186.43
2026-06-02,40,76136,1443.06
2026-05-05,39,156458,683.83
2026-07-08,14,73622,1926.90
2026-04-27,76,66990,942.88
2026-07-21,76,40713,923.77
2026-04-10,79,1128791,510.63
2026-06-10,47,1132098,314.70
2026-03-19,51,1614176,1161.52
2026-04-26,30,1759627,2212.72
2026-03-07,66,1629580,232.66
2026-05-15,17,1834192,2178.90
2026-06-30,74,122895,1102.50
2026-07-12,42,107538,772.58
2026-07-18,76,1121545,1754.28
2026-07-07,79,1621,1152.33
2026-05-11,36,8598,925.11
2026-03-20,65,1701076,1673.64
2026-03-21,76,8032,581.26
2026-05-25,2,66498,1233.84
2026-07-29,66,63729,1267.68
2026-07-11,80,19216,688.73
2026-04-12,33,194299,1855.49
2026-04-15,4,16163,2497.82
2026-07-29,13,14237,1694.25
2026-03-04,14,8373,538.81
2026-04-17,78,1592845,1259.72
2026-06-10,29,1742402,2073.46
2026-04-23,52,147666,1175.32
2026-03-13,17,3205,1646.33
2026-06-01,26,1646547,179.57
2026-04-21,14,119712,2397.40
2026-04-11,32,1077544,1655.30
2026-03-26,38,4759,1102.99
2026-04-25,14,155296,820.81
2026-07-27,9,1575752,2269.59
2026-05-24,16,2527,1828.20
2026-07-26,73,1165241,1865.92
2026-07-17,71,174541,1627.16
2026-07-29,54,47008,2075.75
2026-04-06,77,1668943,1861.62
2026-03-07,26,18490,2097.84
2026-03-12,1,66168,545.13
2026-03-10,13,75686,554.86
2026-05-27,9,148731,1803.06
2026-06-28,82,19141,1849.46
2026-07-26,84,4290,463.62
2026-05-18,24,20916,1754.20
2026-06-28,65,7933,2416.43
2026-05-16,60,65861,347.77
2026-04-07,36,117691,1332.18
2026-06-12,51,13221,917.74
2026-04-01,8,76297,1873.01
2026-06-09,58,9264,506.42
2026-06-14,13,85503,1761.10
2026-03-22,1,1160714,2456.81
2026-03-14,14,19790,485.96
2026-03-02,42,19636,1843.60
2026-06-09,41,15811,193.48
2026-07-16,76,1033159,485.22
2026-04-21,25,8635,1003.21
2026-05-07,26,106595,104.00
2026-05-27,20,151373,906.74
2026-05-16,10,125605,891.73
2026-03-18,48,55861,726.84
2026-06-07,75,1159284,401.32
2026-07-22,6,6111,2360.48
2026-07-01,26,56984,960.96
2026-04-13,16,148731,278.99
2026-04-04,6,107518,353.87
2026-05-30,84,3832,1626.07
2026-06-27,9,86802,1842.23
2026-05-27,22,63265,1521.57
2026-05-27,40,102983,1416.67
2026-06-30,76,1148024,369.71
2026-03-15,64,1820603,499.37
2026-06-18,15,1629946,2355.82
2026-04-13,35,1788224,2300.65
2026-05-12,85,1159481,1140.71
2026-04-29,61,67733,775.15
2026-07-09,27,1101125,230.89
2026-07-23,36,175789,1934.77
2026-04-14,78,1112427,1505.10
2026-07-06,21,18770,239.18
2026-04-20,74,6385,1359.94
2026-03-05,54,49504,1998.29
2026-07-07,19,164150,780.57
2026-05-20,74,65827,1432.03
2026-04-17,60,116837,537.10
2026-06-19,77,107818,734.26
2026-05-21,45,125090,2226.28
2026-03-28,68,886,684.03
2026-04-16,70,135055,2070.56
2026-03-16,67,1122826,1639.88
2026-06-12,9,3645,270.60
2026-06-05,16,63581,1818.40
2026-06-14,8,1130092,853.30
2026-04-14,64,1591208,1060.13
2026-04-26,6,80585,2450.44
2026-03-24,55,143361,1612.60
2026-06-11,21,1643864,2363.82
2026-05-16,70,92978,412.29
2026-06-08,24,1593028,504.37
2026-03-25,51,107479,841.53
2026-04-12,11,163375,1423.92
2026-07-18,51,5039,586.72
2026-06-04,9,1174654,857.34
2026-07-27,71,134064,779.35
2026-07-14,83,22174,142.88
2026-05-30,64,122728,1953.27
2026-03-18,37,1734223,1448.90
2026-03-15,66,1088844,835.82
2026-05-20,35,7050,1796.20
2026-05-07,49,20141,597.54
2026-07-11,21,1115651,2226.00
2026-06-05,28,21502,2074.32
2026-04-01,1,6120,581.71
2026-07-06,2,19134,1104.79
2026-03-10,17,107636,1200.28
2026-04-13,64,122662,2375.51
2026-04-26,21,1615898,1176.02
2026-04-04,22,1698444,362.29
2026-05-25,68,9958,2152.96
2026-04-17,14,109349,1865.94
2026-07-27,12,135055,1004.06
2026-04-06,37,8840,1233.29
2026-03-27,12,48940,1245.96
2026-07-04,79,1654927,656.63
2026-03-04,24,1635452,378.61
2026-03-16,34,1763694,968.05
2026-03-05,44,41385,2303.78
2026-04-19,17,53286,1729.67
2026-06-29,68,116681,937.29
2026-03-19,68,66898,278.97
2026-05-02,45,62578,657.74
2026-04-09,86,63885,309.60
2026-05-15,19,171970,619.83
2026-04-15,3,110301,2164.85
2026-03-24,52,105266,1457.72
2026-07-19,29,1159636,254.01
2026-05-08,49,4475,2289.61
2026-07-19,87,165362,945.62
2026-07-27,15,58056,1354.93
2026-03-02,20,149711,1830.77
2026-05-25,82,93035,2338.66
2026-05-06,29,115329,951.21
2026-05-21,26,94587,561.01
2026-05-01,10,1146954,2154.97
2026-06-25,34,4941,1522.82
2026-03-19,62,4385,2075.39
2026-03-09,64,1771426,2119.25
2026-06-24,79,1604480,891.23
2026-04-11,47,133022,2336.49
2026-06-28,38,1094426,582.06
2026-07-16,35,21330,1914.03
2026-07-26,6,1652245,2021.81
2026-04-28,15,1089297,1977.03
2026-05-26,72,55534,2140.39
2026-04-03,36,1094246,1587.14
2026-04-02,65,62929,290.58
2026-06-05,73,116376,2325.34
2026-03-09,61,189365,2309.15
2026-07-02,63,82187,1169.54
2026-04-25,12,107408,355.07
2026-04-28,47,5039,2164.18
2026-03-20,33,137343,853.86
2026-04-28,72,119712,779.62
2026-06-18,59,1127165,2014.54
2026-06-19,16,1006390,1919.62
2026-03-02,28,165325,794.28
2026-07-26,35,137994,2473.85
2026-06-10,59,7142,1547.12
2026-04-26,32,63767,1277.65
2026-05-10,30,59795,511.50
2026-05-25,74,1734485,2236.42
2026-07-19,65,199258,1372.77
2026-03-11,37,5229,1418.98
2026-05-09,16,185069,2191.42
2026-07-11,1,1808122,1660.20
2026-04-22,35,111105,1478.10
2026-03-12,71,7063,1214.21
2026-03-06,20,3591,1419.63
2026-04-20,30,1838639,1600.17
2026-07-24,42,11587,1769.51
2026-04-20,25,1099621,1930.65
2026-07-02,21,100155,1138.02
2026-05-31,39,1698832,1830.86
2026-05-26,23,96018,1247.07
2026-06-29,12,1670422,557.93
2026-05-11,32,1595923,1870.80
2026-05-23,64,7005,1489.26
2026-05-29,77,18286,477.36
2026-03-31,83,87724,1187.30
2026-07-23,54,1004785,2422.23
2026-04-20,83,1132572,2165.82
2026-07-14,55,74956,279.36
2026-06-27,48,22893,1970.51
2026-07-10,35,1123607,368.46
2026-05-10,16,51930,621.50
2026-03-13,18,11278,1366.01
2026-07-30,51,158175,1541.31
2026-03-20,34,55129,782.10
2026-05-03,75,43602,658.66
2026-04-18,27,1006265,1184.82
2026-04-17,58,152603,429.79
2026-04-16,81,1787801,1272.40
2026-07-18,59,112561,2147.09
2026-06-10,41,120979,1563.81
2026-05-15,60,1777099,1999.92
2026-03-14,10,1010078,2022.65
2026-04-02,67,1103769,2243.39
2026-07-13,7,1114376,2402.61
2026-03-05,66,10122,1160.20
2026-04-23,14,1112599,525.26
2026-06-19,45,1138788,1519.72
2026-03-23,9,65618,634.23
2026-04-13,32,16150,2119.23
2026-03-28,8,5335,2301.47
2026-04-18,18,1784679,391.70
2026-05-31,79,1082491,1636.17
2026-03-23,53,1080966,561.81
2026-05-20,78,66682,186.97
2026-06-04,35,176020,1007.86
2026-06-04,11,10887,484.59
2026-04-18,21,1776784,2081.61
2026-03-05,35,158868,2051.78
2026-06-18,17,1761188,397.49
2026-03-08,13,107412,885.83
2026-05-22,83,148171,2054.32
2026-05-09,39,111694,1266.52
2026-04-30,5,40837,414.78
2026-06-21,34,114234,2148.48
2026-06-26,32,1780984,1580.55
2026-04-04,53,120587,1564.38
2026-05-02,8,116756,2207.51
2026-06-10,12,188603,1153.15
2026-04-28,22,1150617,557.38
2026-04-21,25,85549,656.60
2026-07-22,57,166878,1586.91
2026-06-12,36,187342,952.82
2026-03-11,54,17757,433.02
2026-07-25,34,1738153,2215.80
2026-03-01,14,149711,2392.59
2026-06-18,81,22329,1659.65
2026-04-30,84,73166,1770.04
2026-05-20,48,111413,1702.95
2026-05-07,51,1764846,810.94
2026-07-11,64,1127568,1023.09
2026-07-25,34,1661779,778.53
2026-05-14,79,5763,385.30
2026-07-22,11,65607,641.64
2026-03-12,84,62578,562.25
2026-03-02,72,3866,1419.95
2026-03-01,49,120176,725.66
2026-05-01,50,141683,160.33
2026-03-23,70,15021,2131.28
2026-07-29,10,171970,2134.87
2026-05-15,55,112839,500.49
2026-06-07,85,1135177,822.12
2026-03-23,84,80803,1009.32
2026-06-07,35,1709769,1410.09
2026-04-23,47,20195,2493.89
2026-06-13,44,114091,990.62
2026-06-15,24,66849,2300.25
2026-07-28,28,1785271,1428.02
2026-04-27,19,66427,2150.46
2026-05-12,23,125234,1792.71
2026-03-11,54,1125159,1237.61
2026-07-09,18,65720,1807.89
2026-03-19,83,1094279,414.17
2026-06-18,27,1174770,1960.02
2026-07-01,56,65603,1987.35
2026-06-08,24,99542,563.55
2026-06-27,40,22281,2294.36
2026-05-17,19,1175260,645.37
2026-04-11,44,76573,1064.11
2026-04-29,12,1068060,800.60
2026-07-08,14,10702,1316.20
2026-04-25,45,5370,2319.96
2026-05-15,72,13721,1063.93
2026-06-26,51,124282,415.22
2026-04-06,82,13996,1373.40
2026-07-21,22,141007,1055.43
2026-07-02,85,163250,2026.13
2026-06-28,30,1088596,1520.65
2026-06-11,51,8007,824.67
2026-03-20,64,22172,1175.56
2026-05-24,5,130796,761.97
2026-06-02,61,1092317,2394.28
2026-05-12,38,10848,735.51
2026-07-23,61,8147,991.71
2026-06-05,6,16999,1631.93
2026-03-27,40,66423,1196.44
2026-07-07,74,1122826,1609.28
2026-03-12,63,1168864,425.15
2026-06-01,65,1050792,1985.27
2026-05-22,83,1118417,910.40
2026-03-28,14,148837,691.51
2026-06-12,32,124415,2221.72
2026-04-15,38,1160464,1065.15
2026-07-16,87,63821,1732.29
2026-04-13,41,14071,848.88
2026-05-26,29,10303,1764.82
2026-03-30,34,786,958.55
2026-07-15,36,1120411,1811.93
2026-07-28,67,118845,1564.53
2026-03-12,58,86759,1856.75
2026-03-12,36,1114376,1236.96
2026-06-28,56,5418,395.71
2026-06-03,47,116681,1566.69
2026-03-18,8,1149961,1407.90
2026-07-03,43,2672,1125.71
2026-06-12,32,1011632,2071.50
2026-07-22,39,1085574,1796.77
2026-04-22,72,627,1503.65
2026-06-20,42,1105561,2421.86
2026-04-07,75,154880,2076.94
2026-04-03,62,12618,739.27
2026-07-24,7,594,1095.43
2026-03-17,82,7709,2397.33
2026-04-07,12,112410,296.88
2026-04-22,35,152015,1363.76
2026-06-30,73,1172694,2224.43
2026-06-13,78,8276,1752.49
2026-03-18,2,5902,2169.03
2026-07-05,38,20497,1580.96
2026-05-14,69,79156,896.46
2026-04-06,76,651,534.82
2026-07-05,8,137525,1962.61
2026-07-18,61,190251,426.51
2026-06-19,57,1125619,574.07
2026-06-22,26,180223,2292.41
2026-07-11,43,41733,1253.09
2026-03-05,28,1586987,725.45
2026-06-08,84,1088300,1941.46
2026-07-05,40,126700,779.37
2026-05-03,22,1091270,701.02
2026-04-16,52,9854,2042.75
2026-03-19,14,199258,2050.61
2026-06-04,29,148674,1908.80
2026-05-01,75,1702709,1166.41
2026-04-06,52,107352,2319.55
2026-04-07,66,116313,518.51
2026-05-17,18,5426,1319.96
2026-04-20,39,137353,1985.59
2026-06-16,76,163459,413.99
2026-03-11,39,70382,919.20
2026-06-24,14,93263,972.88
2026-05-08,71,107375,2081.91
2026-03-06,77,90211,1374.92
2026-06-06,69,1683340,946.60
2026-03-06,14,31779,2404.10
2026-03-07,78,11083,1225.04
2026-07-15,44,1107165,2081.00
2026-05-09,79,14538,2304.79
2026-03-21,48,1152602,1874.61
2026-07-13,30,11461,2066.88
2026-07-22,80,66997,2220.09
2026-06-13,67,1811215,583.15
2026-06-20,68,1594654,838.61
2026-07-27,26,1163409,1966.05
2026-05-04,7,112716,1534.85
2026-07-21,36,10520,181.81
2026-03-15,86,1775895,579.46
2026-03-13,1,150575,455.22
2026-03-13,63,63528,1972.29
2026-05-23,14,99622,262.79
2026-07-09,31,1698523,671.35
2026-03-22,58,1799947,1372.43
2026-03-19,82,153610,2353.57
2026-05-29,8,1652245,1317.93
2026-03-29,43,8840,2404.87
2026-04-18,58,1708624,977.77
2026-07-17,80,73205,773.76
2026-07-28,46,1035730,2152.48
2026-03-28,10,168615,1360.42
2026-05-09,63,1151160,625.44
2026-04-22,64,1076252,1702.49
2026-05-09,52,11328,2023.40
2026-06-04,50,185061,1208.94
2026-03-07,72,18272,2294.15
2026-07-01,24,106916,2235.82
2026-05-01,40,120612,1669.33
2026-05-08,16,4940,1471.01
2026-06-03,63,1103769,1873.84
2026-03-22,39,48865,125.76
2026-04-25,40,8039,2009.52
2026-05-07,78,107645,938.11
2026-05-29,51,1092673,409.61
2026-04-27,85,20847,1388.28
2026-05-16,3,132446,1655.61
2026-06-03,44,8015,387.38
2026-07-06,18,1149740,149.95
2026-03-21,17,1071472,843.87
2026-05-22,41,14315,640.43
2026-04-24,18,162119,1896.81
2026-03-30,15,1736320,259.48
2026-03-11,31,107118,2352.81
2026-04-08,2,106381,401.86
2026-07-22,40,1791542,465.34
2026-05-15,45,145837,2126.12
2026-05-04,26,1174927,1449.36
2026-07-10,32,106907,1554.65
2026-06-03,23,1590796,2439.93
2026-05-29,45,1000646,1488.45
2026-03-19,53,1607968,443.53
2026-04-07,59,1779163,543.50
2026-07-26,33,66993,1367.09
2026-03-19,14,1096518,604.86
2026-03-26,46,112012,2420.85
2026-03-06,53,190251,1311.59
2026-07-24,21,174583,1710.72
2026-04-30,6,1068100,308.68
2026-06-03,19,4791,1805.19
2026-07-01,59,1144470,1625.46
2026-07-23,24,75686,990.66
2026-07-20,81,1108395,679.73
2026-04-20,29,10243,931.97
2026-06-12,9,155010,1278.57
2026-04-23,32,115316,2135.21
2026-07-29,80,1688691,2338.33
2026-06-29,1,162956,571.96
2026-04-24,28,1032435,318.19
2026-07-01,5,1793692,1567.03
2026-03-17,65,65876,726.24
2026-04-10,45,165304,1978.24
2026-03-11,17,44895,262.20
2026-06-22,41,80706,2267.43
2026-05-02,20,42264,761.22
2026-04-14,22,8398,2060.49
2026-05-23,67,10669,1585.85
2026-07-06,32,5535,742.74
2026-05-05,35,16275,1054.57
2026-07-23,63,97048,1643.20
2026-03-10,60,1153948,321.54
2026-05-19,82,124282,735.79
2026-07-20,66,120178,789.23
2026-07-26,13,1095147,216.95
2026-04-09,76,135869,1452.51
2026-07-07,68,131827,1737.41
2026-06-18,53,1163409,1962.61
2026-07-25,33,42621,2360.81
2026-06-07,15,113792,1988.01
2026-07-04,68,66460,994.75
2026-04-05,34,138048,619.47
2026-03-11,1,1831538,2091.03
2026-06-07,64,1610904,205.37
2026-05-02,84,1115986,891.59
2026-06-27,54,1808963,734.91
2026-07-11,77,760,372.41
2026-03-19,74,5613,2369.44
2026-06-08,58,1146467,475.52
2026-06-02,38,107794,2105.72
2026-07-11,28,107551,261.54
2026-06-30,69,1155229,1471.23
2026-05-02,49,11386,2389.38
2026-07-22,56,17003,1408.25
2026-06-03,8,149135,1806.92
2026-03-18,47,74059,1606.07
2026-07-05,45,78415,1945.65
2026-06-03,43,22892,1270.25
2026-03-28,7,11725,890.75
2026-07-17,13,61512,366.49
2026-06-23,7,1661948,2058.37
2026-06-10,50,53921,555.01
2026-03-08,18,1013270,827.39
2026-06-27,34,65651,797.44
2026-04-13,25,123253,596.24
2026-06-13,2,1775682,1141.31
2026-05-14,31,7999,598.69
2026-04-15,10,1167091,504.08
2026-05-31,65,12249,298.93
2026-05-30,3,1610904,526.22
2026-03-22,78,4978,1485.57
2026-06-27,5,1700440,1968.97
2026-06-29,56,9011,2412.77
2026-03-07,50,9260,2104.94
2026-04-18,23,1702666,1789.26
2026-05-25,65,9533,608.04
2026-05-12,71,1807207,813.00
2026-05-27,71,141053,1909.11
2026-03-04,86,191568,1800.13
2026-07-05,63,1654554,1348.26
2026-05-31,76,9273,1709.55
2026-07-25,20,112705,292.04
2026-06-01,9,1772649,2024.99
2026-04-30,51,38890,1120.32
2026-07-15,13,1591208,558.11
2026-04-15,52,118115,2183.87
2026-07-13,63,1142450,2362.00
2026-05-23,15,77467,1305.82
2026-05-03,31,63731,160.44
2026-06-24,30,16764,100.17
2026-04-16,32,1758400,388.17
2026-05-15,37,66753,1975.98
2026-05-12,48,5262,877.37
2026-06-22,75,140988,2098.02
2026-05-26,29,8013,895.55
2026-03-11,87,7127,2100.09
2026-04-07,13,1709409,2375.16
2026-03-27,47,107433,1951.84
2026-06-18,76,13584,234.94
2026-04-30,78,1593676,1785.55
2026-06-23,70,1765807,716.87
2026-05-10,5,86258,1329.09
2026-05-17,51,109874,2018.25
2026-06-05,43,11278,1246.02
2026-06-01,48,63532,684.31
2026-05-09,67,53169,2075.61
2026-04-19,56,80831,1361.82
2026-04-18,19,8404,1983.55
2026-07-28,40,1176290,2079.68
2026-05-31,11,66823,1794.16
2026-04-15,54,1091893,265.70
2026-05-29,32,10995,1389.53
2026-06-19,59,20278,2359.17
2026-07-20,19,137140,951.95
2026-07-10,45,135290,1997.11
2026-04-24,66,8956,2478.52
2026-06-20,33,83950,1252.43
2026-03-23,22,1135299,501.98
2026-07-16,50,1130552,661.70
2026-04-19,70,43537,462.70
2026-05-22,52,187332,1215.07
2026-05-24,47,9057,1015.78
2026-05-13,86,147755,377.58
2026-05-01,83,1702299,888.79
2026-06-07,63,152892,745.87
2026-05-24,74,173257,293.98
2026-07-02,68,1094872,426.37
2026-07-14,81,1587160,1724.19
2026-07-16,9,143263,839.20
2026-05-23,33,1569394,2131.33
2026-04-30,45,41222,1954.22
2026-06-03,35,63650,500.90
2026-03-29,4,141683,2255.04
2026-06-18,19,47141,1542.02
2026-06-21,70,44540,1183.90
2026-05-15,68,1812856,961.34
2026-06-25,3,63244,2269.55
2026-07-02,1,71439,1182.47
2026-03-15,15,16498,915.15
2026-05-23,73,1026589,2150.54
2026-03-31,67,14327,2038.30
2026-07-24,21,170810,1191.54
2026-04-12,70,1039722,806.54
2026-03-18,77,9144,1769.20
2026-03-12,45,1695791,1386.97
2026-07-10,70,197955,713.57
2026-05-28,72,1106981,1230.96
2026-04-15,40,1000668,2129.49
2026-05-08,67,2808,2251.35
2026-06-30,52,153234,2255.07
2026-03-08,60,1586888,2454.98
2026-05-19,29,1577954,758.55
2026-05-20,56,1588971,1473.45
2026-05-08,82,70475,552.36
2026-06-21,17,164720,1613.03
2026-07-01,75,1138300,830.34
2026-03-01,35,1803385,1744.59
2026-05-24,34,1799947,129.81
2026-04-24,46,145836,1412.47
2026-04-07,25,17242,610.01
2026-06-15,64,197713,1104.01
2026-06-02,54,10409,1074.27
2026-06-24,75,2349,573.87
2026-04-12,75,1793684,1278.39
2026-06-06,64,80575,1028.36
2026-06-25,57,1116622,1542.10
2026-05-05,31,1664808,2008.08
2026-03-05,66,1612859,901.05
2026-03-01,16,1006885,2029.62
2026-03-26,67,1607337,167.84
2026-03-26,18,1072511,526.58
2026-03-17,65,17893,970.79
2026-05-06,72,1701921,419.01
2026-06-10,4,99622,2271.92
2026-03-05,53,11941,1266.06
2026-06-05,34,1091764,963.62
2026-07-18,3,1814,2055.81
2026-07-21,55,194733,2233.83
2026-05-22,54,7906,523.54
2026-05-20,50,1153911,932.83
2026-03-17,14,1661781,1884.14
2026-03-30,28,19517,2438.44
2026-03-24,61,1572881,522.26
2026-05-19,81,1801374,1611.77
2026-03-19,23,87200,1773.87
2026-06-04,40,6611,2354.90
2026-04-16,45,1683853,1833.17
2026-07-03,82,163239,1939.61
2026-07-28,16,78105,179.03
2026-04-22,62,1003197,1908.14
2026-06-27,41,1701933,1722.88
2026-05-28,85,92074,1470.63
2026-06-03,12,1643487,1314.83
2026-06-29,44,1094022,288.10
2026-05-27,23,107856,741.04
2026-07-05,59,636,2099.95
2026-04-06,24,135707,1773.39
2026-04-14,28,1775522,2318.70
2026-03-23,55,107744,1999.37
2026-05-01,76,1661939,1648.70
2026-04-27,35,1853023,707.78
2026-04-09,20,18040,2226.84
2026-07-14,74,107719,404.84
2026-03-07,45,176248,350.67
2026-03-09,44,10340,2326.32
2026-07-12,38,170544,1526.07
2026-04-20,8,125373,1690.93
2026-03-13,28,12952,1496.93
2026-07-11,8,5845,692.82
2026-06-15,77,5635,831.84
2026-04-16,29,124172,2084.52
2026-03-02,53,133330,1256.69
2026-05-26,12,148730,1045.73
2026-04-01,31,1797845,2126.25
2026-07-23,32,141636,914.66
2026-03-24,53,66100,854.30
2026-06-23,52,182835,122.59
2026-07-12,27,5234,1586.99
2026-07-19,10,111074,1373.14
2026-07-01,28,1616460,1598.01
2026-03-26,4,10310,494.75
2026-04-29,81,107480,1381.96
2026-05-26,72,1575151,1258.65
2026-03-28,17,1152627,1104.68
2026-05-30,44,155001,1410.97
2026-05-30,11,1029633,435.73
2026-07-25,70,65740,2276.92
2026-07-04,5,117022,871.37
2026-05-19,84,6374,1523.65
2026-07-25,47,1111737,2410.78
2026-07-22,13,16874,1939.39
2026-04-09,15,1774438,451.48
2026-05-26,75,10401,277.65
2026-07-04,82,130788,1138.10
2026-06-07,31,53286,1715.71
2026-05-25,82,45967,1010.64
2026-05-10,66,69640,703.39
2026-03-29,47,19339,1609.54
2026-05-11,71,2524,140.79
2026-07-19,83,154072,133.00
2026-05-05,10,14874,973.13
2026-04-20,23,142031,2231.40
2026-06-02,69,16567,2380.00
2026-05-14,24,5652,1663.66
2026-03-01,43,1125867,1300.43
2026-05-30,57,1066128,434.40
2026-05-14,73,22786,1962.09
2026-03-12,75,1152607,977.25
2026-04-17,64,106171,2363.93
2026-06-03,20,1175547,2405.59
2026-04-28,18,5326,2284.21
2026-04-08,82,106595,1473.45
2026-07-05,8,12877,2200.00
2026-07-05,60,111377,467.43
2026-03-26,16,15872,1610.65
2026-06-16,82,65897,898.62
2026-06-15,75,1647009,1327.08
2026-03-17,5,138677,882.23
2026-05-15,75,1149054,2299.01
2026-04-25,15,20814,2235.17
2026-05-18,22,1127744,2346.30
2026-07-16,26,18504,1237.42
2026-06-27,12,80544,1237.64
2026-06-27,71,63526,2333.47
2026-04-05,29,18771,443.84
2026-04-09,81,1623484,2368.92
2026-07-04,15,5025,2193.33
2026-03-07,32,10247,1173.80
2026-05-15,20,1122826,1703.38
2026-07-19,65,1095147,1307.49
2026-04-26,51,1791524,1534.89
2026-03-10,85,1626761,1783.05
2026-03-30,67,1646282,1947.97
2026-06-17,34,66638,1629.45
2026-03-19,19,13991,1297.73
2026-06-02,9,1565209,1370.74
2026-06-18,83,1639724,1660.13
2026-05-25,79,168728,158.33
2026-06-03,55,10408,1805.34
2026-03-14,76,158670,2062.94
2026-06-16,22,161255,2238.07
2026-03-17,62,1159627,1639.97
2026-05-20,50,1964,778.55
2026-07-20,13,1111244,1244.15
2026-07-23,66,1145882,152.47
2026-06-12,50,65716,1002.76
2026-07-02,57,52610,1003.19
2026-03-09,86,10401,2326.98
2026-03-25,62,1139534,1568.36
2026-07-21,81,1618121,1224.91
2026-05-08,21,143355,2065.62
2026-07-16,11,1094644,1790.81
2026-05-25,76,1130552,2074.81
2026-03-12,3,66281,2288.79
2026-06-30,28,7187,932.52
2026-07-21,21,1100644,2196.65
2026-03-11,25,94360,1804.51
2026-05-10,76,15951,1918.49
2026-05-22,21,18547,1596.39
2026-03-15,68,102741,2490.90
2026-03-01,16,12004,2353.78
2026-04-16,50,1002235,338.40
2026-03-20,24,41840,2297.90
2026-04-16,45,1091353,1698.19
2026-07-27,72,111413,740.29
2026-03-18,30,18138,575.90
2026-06-25,24,5403,2022.47
2026-07-30,69,92074,2276.21
2026-07-30,6,1168912,2444.58
2026-07-24,56,1643864,1294.93
2026-07-28,35,72195,1978.66
2026-06-09,42,19076,1617.41
2026-06-15,27,148851,372.06
2026-04-25,4,1149840,1817.48
2026-04-18,31,16874,218.37
2026-04-25,26,1628433,2405.45
2026-03-27,7,1078057,1267.45
2026-07-28,60,1002391,1082.57
2026-07-25,66,1004934,844.22
2026-03-11,50,169887,1116.70
2026-06-19,42,107784,410.36
2026-05-01,68,59234,1154.66
2026-03-24,39,50503,515.52
2026-04-08,2,15893,1723.50
2026-04-08,4,1159560,1783.31
2026-06-28,73,48203,1736.71
2026-03-14,6,144998,1118.65
2026-06-15,13,1088400,133.29
2026-07-06,11,49702,748.89
2026-07-17,40,1073606,2067.14
2026-04-19,38,4110,2420.24
2026-07-13,56,1163711,1281.01
2026-06-18,56,1146826,1680.72
2026-03-27,85,129890,808.45
2026-04-03,74,125399,175.74
2026-06-16,57,4989,1319.59
2026-07-29,75,1121323,2348.88
2026-04-04,55,100073,2239.37
2026-03-13,65,2538,2449.98
2026-07-23,57,63653,1929.67
2026-05-29,55,137611,476.66
2026-03-08,64,1713808,1595.40
2026-07-21,47,6738,201.90
2026-07-24,77,1154532,2311.15
2026-05-30,58,105607,876.94
2026-04-23,5,54896,1336.98
2026-06-08,3,7515,1581.89
2026-07-25,57,46707,584.78
2026-05-19,69,1767536,1838.17
2026-04-03,26,75797,1825.58
2026-04-02,86,2229,708.77
2026-05-01,85,1127167,1223.50
2026-03-07,67,135026,533.27
2026-07-29,37,114234,1612.39
2026-03-05,4,1010078,1046.03
2026-06-27,48,1604710,1212.19
2026-03-14,85,5845,1082.35
2026-06-17,27,1600733,2328.38
2026-04-24,10,1000137,2099.64
2026-06-07,78,107563,638.78
2026-03-02,87,1001223,1693.95
2026-06-01,4,10204,1767.21
2026-05-05,12,3017,1719.41
2026-03-08,51,115478,464.73
2026-05-24,18,170544,990.68
2026-04-30,30,1108199,325.18
2026-05-09,87,11250,2105.44
2026-06-28,18,1105419,1270.45
2026-04-10,26,87200,575.56
2026-03-11,59,1809968,1508.78
2026-06-01,12,10409,1495.18
2026-06-17,9,11208,343.64
2026-06-27,56,1128180,1253.81
2026-07-30,29,16749,1683.44
2026-06-02,82,100843,963.10
2026-03-29,79,1772405,2437.65
2026-04-09,15,188816,2242.19
2026-04-02,7,7905,2132.24
2026-07-06,69,73450,1317.04
2026-04-30,11,103618,1771.05
2026-05-28,27,107789,1125.51
2026-03-25,62,63864,1923.16
2026-03-08,75,15210,1420.00
2026-05-16,69,1588483,227.78
2026-07-11,9,1113630,215.84
2026-07-20,73,9933,1895.08
2026-07-21,8,80721,1695.96
2026-04-17,27,78309,267.32
2026-03-25,30,118447,1253.19
2026-06-18,25,1623831,142.84
2026-07-06,59,8995,749.84
2026-03-27,76,1080609,295.80
2026-03-12,59,65575,331.87
2026-07-17,54,87365,1329.95
2026-06-29,76,119348,1914.74
2026-07-11,21,5460,296.21
2026-07-28,51,1025402,1548.48
2026-06-10,23,63695,1065.12
2026-07-08,70,8281,1184.07
2026-04-13,36,146864,1679.74
2026-06-27,65,1768956,554.81
2026-03-24,48,6975,374.48
2026-03-11,46,20755,1631.47
2026-04-30,3,1575213,499.98
2026-06-09,57,14303,316.44
2026-07-23,25,6410,1377.73
2026-05-03,21,1083770,857.71
2026-04-15,1,1113680,1772.25
2026-04-03,21,105112,586.58
2026-06-17,51,1163711,1539.10
2026-07-22,20,5779,368.12
2026-04-09,54,98413,632.73
2026-03-18,31,9143,1840.83
2026-05-31,1,1019768,1772.93
2026-07-07,17,10890,1295.26
2026-06-07,13,120979,136.24
2026-07-30,40,54065,1773.40
2026-06-15,27,48437,2347.39
2026-05-24,3,16764,416.93
2026-06-09,23,1568984,200.47
2026-07-15,48,120986,2257.69
2026-04-06,4,63767,2321.26
2026-04-12,72,1758504,2273.02
2026-03-12,36,38890,2403.44
2026-06-23,71,107633,1191.05
2026-07-27,14,1077582,1011.39
2026-06-26,47,66468,410.08
2026-05-13,22,9832,756.19
2026-07-20,31,164261,230.96
2026-06-21,11,199778,1695.56
2026-04-20,73,123246,2050.83
2026-04-25,18,55413,415.97
2026-06-06,63,19053,1762.11
2026-05-31,32,6111,1033.07
2026-03-13,72,1774438,672.59
2026-03-11,72,11284,530.84
2026-05-31,42,106911,1117.82
2026-07-08,87,128192,986.82
2026-06-20,79,1136819,1876.37
2026-06-09,20,41385,2351.57
2026-04-03,7,20592,1518.23
2026-06-27,3,107938,2209.67
2026-03-24,34,65280,1375.23
2026-07-01,61,911,288.01
2026-06-03,41,78904,183.27
2026-07-29,46,148024,475.64
2026-07-13,46,151242,1639.13
2026-05-07,24,1122054,1628.14
2026-04-27,40,15814,2351.60
2026-05-03,56,176720,1755.62
2026-07-03,53,7589,1220.57
2026-04-10,72,45591,2200.54
2026-04-18,56,1168912,584.35
2026-06-25,36,54915,1325.35
2026-07-06,28,107732,426.38
2026-06-05,46,1171967,160.93
2026-05-18,66,1121401,733.49
2026-07-15,74,1168912,1034.40
2026-04-24,70,20349,1365.61
2026-04-07,66,1587545,840.97
2026-05-20,4,1163409,1939.81
2026-05-24,32,1750501,2318.04
2026-04-10,52,142609,970.79
2026-05-06,55,5613,1112.91
2026-04-22,66,105113,1562.22
2026-04-30,7,1138851,2132.42
2026-06-07,24,155284,1873.78
2026-06-25,8,63617,2451.19
2026-07-01,33,15909,227.71
2026-07-10,69,1817948,2051.09
2026-06-10,86,1108969,1693.43
2026-03-16,51,8091,270.18
2026-07-30,21,1733728,128.60
2026-03-22,56,108005,895.99
2026-07-25,25,107557,1061.20
2026-03-30,58,20924,2100.24
2026-06-28,49,21981,278.08
2026-03-27,43,40897,2493.53
2026-07-08,33,153357,901.28
2026-04-20,63,1628433,1214.79
2026-07-13,44,636,107.06
2026-03-29,74,20813,369.22
2026-03-23,5,18357,1971.87
2026-04-11,55,1718746,1050.49
2026-04-09,29,1609716,1436.24
2026-03-08,27,107784,1265.86
2026-04-28,38,42983,1370.75
2026-05-02,67,66757,1479.62
2026-06-14,62,1130552,1038.99
2026-06-04,76,50619,713.44
2026-04-04,28,176454,1453.91
2026-03-02,73,7793,216.32
2026-05-08,22,78342,1812.54
2026-05-08,61,1788083,1517.43
2026-03-07,59,107512,1304.62
2026-03-25,2,66999,2146.54
2026-04-09,7,1634237,2352.00
2026-07-10,32,1146467,2382.00
2026-05-17,56,8459,327.23
2026-05-21,52,13093,1194.59
2026-04-12,13,1098867,1411.22
2026-06-05,82,12194,1534.30
2026-06-04,53,4385,2140.42
2026-05-08,54,107628,2184.48
2026-07-29,48,87229,1874.18
2026-07-29,29,148589,1376.48
2026-07-29,80,71958,310.68
2026-03-27,46,104604,2474.73
2026-05-22,24,1812856,1754.84
2026-06-15,20,1631162,1780.08
2026-07-05,4,66169,2138.08
2026-04-22,47,176868,1306.72
2026-05-22,57,130451,1393.76
2026-03-16,15,80526,875.36
2026-04-16,61,1116225,277.61
2026-05-15,72,117758,1100.60
2026-05-17,12,182452,1972.81
2026-07-14,13,176175,1172.83
2026-07-12,10,14666,1861.68
2026-05-16,33,185069,709.65
2026-06-29,43,1146310,2393.95
2026-04-10,79,1709236,1100.36
2026-03-10,49,183040,1381.29
2026-07-04,7,67144,2450.75
2026-06-09,17,19339,176.86
2026-05-10,12,82780,1430.60
2026-05-05,41,100169,116.40
2026-06-25,6,1094690,769.73
2026-06-15,60,1159674,2075.76
2026-04-14,6,12469,752.53
2026-05-09,2,70815,1271.10
2026-06-25,47,1605734,1052.01
2026-06-13,39,66965,190.66
2026-04-09,45,7124,1034.94
2026-04-13,66,18314,2438.77
2026-03-08,71,125754,1218.58
2026-07-28,73,1127744,2216.59
2026-07-12,21,163954,1689.66
2026-07-09,18,1772653,2284.65
2026-06-28,82,142031,1150.74
2026-06-06,38,66746,1646.45
2026-05-13,86,1568709,1005.19
2026-04-03,8,59356,119.77
2026-06-16,8,70382,2078.76
2026-07-01,76,112133,375.74
2026-07-13,38,1636,1254.66
2026-05-05,70,120984,1835.73
2026-07-05,35,10258,2230.22
2026-07-07,32,86802,709.02
2026-07-22,64,9081,416.68
2026-06-06,10,65880,935.50
2026-05-14,87,14348,1014.19
2026-05-15,23,97792,190.84
2026-03-03,71,112510,176.73
2026-04-03,71,1104661,1184.17
2026-03-01,74,7377,2268.35
2026-03-19,20,1664550,863.59
2026-04-18,70,1698836,860.44
2026-07-08,76,12985,2330.94
2026-06-30,54,13691,1770.78
2026-03-27,78,1094441,1464.36
2026-06-27,5,1587073,146.93
2026-03-20,4,1111897,1111.75
2026-04-19,54,18292,1266.43
2026-06-12,22,93757,502.49
2026-03-16,79,79614,162.68
2026-07-01,53,103351,1433.66
2026-06-02,55,1129893,1123.10
2026-04-21,9,20814,1220.82
2026-04-30,73,10431,427.30
2026-03-05,74,14084,2461.75
2026-07-13,52,1690454,526.83
2026-04-27,14,149241,2457.50
2026-06-09,21,1625251,800.42
2026-06-05,20,149445,2255.11
2026-04-15,37,2539,236.68
2026-04-26,54,1121329,942.44
2026-04-14,72,112417,2207.20
2026-05-26,67,1588471,1298.81
2026-03-12,11,1848,981.09
2026-04-24,5,146415,908.79
2026-06-30,5,1122054,2099.40
2026-03-24,12,1831272,1252.57
2026-03-09,38,135290,1653.55
2026-03-22,45,61512,1760.61
2026-04-28,29,115342,1530.34
2026-03-09,41,1776437,2410.22
2026-06-30,84,130451,2414.82
2026-07-12,44,1646404,2175.12
2026-05-05,57,66572,214.22
2026-04-03,60,1765074,411.35
2026-03-08,53,149709,1170.46
2026-07-05,11,110563,1933.91
2026-05-28,50,1128544,201.30
2026-07-10,26,53010,290.40
2026-06-20,11,107380,2310.55
2026-06-03,2,175625,1786.34
2026-03-25,27,4901,1922.31
2026-04-18,22,2304,1850.41
2026-06-08,34,112705,1608.54
2026-05-15,82,1024149,1867.62
2026-05-21,6,1088156,1972.61
2026-06-13,50,138698,2160.52
2026-03-05,32,176099,1973.69
2026-06-25,26,1132270,1294.17
2026-04-06,65,1770988,2415.88
2026-05-18,33,14718,828.58
2026-07-16,16,1646404,2116.64
2026-07-17,5,1610904,1190.41
2026-06-13,53,72195,2425.93
2026-07-25,77,137645,2469.42
2026-04-22,28,46723,164.12
2026-03-22,74,113834,2498.56
2026-05-09,36,1104412,2361.46
2026-04-27,6,135026,2378.72
2026-07-23,8,75906,464.25
2026-05-30,37,1588483,2117.42
2026-05-17,59,1142452,237.26
2026-04-15,71,1122082,183.34
2026-07-03,77,1101728,195.64
2026-05-17,84,63581,756.41
2026-05-24,79,148732,750.46
2026-06-27,59,5468,314.97
2026-06-29,43,80575,1266.41
2026-03-14,6,1709409,539.56
2026-04-10,34,12400,2020.26
2026-03-21,7,1000668,2162.92
2026-05-16,79,55843,1742.54
2026-06-17,60,1122819,2015.26
2026-03-09,10,157276,1667.04
2026-03-23,65,74181,711.13
2026-06-28,19,1174927,1052.91
2026-03-14,30,1151504,1751.74
2026-03-18,54,11587,1531.84
2026-04-16,8,1011632,589.56
2026-06-19,36,161130,2000.62
2026-06-25,76,1004930,145.11
2026-07-22,63,1134496,873.99
2026-03-23,82,87897,205.88
2026-06-12,10,63567,540.93
2026-04-14,43,1108960,490.52
2026-04-01,16,153074,872.69
2026-05-02,64,6370,1037.69
2026-07-19,23,54896,1300.46
2026-06-26,61,3832,1502.04
2026-05-25,46,80124,1407.36
2026-06-19,52,125399,939.44
2026-06-01,87,63675,1189.15
2026-06-30,20,1814670,127.83
2026-05-19,27,114049,1888.84
2026-05-09,14,84449,2082.26
2026-05-22,12,1636494,1832.05
2026-07-14,20,134663,1024.09
2026-04-05,71,1807327,2085.95
2026-06-23,77,1109353,2149.86
2026-03-13,77,105701,1894.40
2026-05-01,23,110512,166.26
2026-04-21,53,1126414,1796.69
2026-06-01,1,54578,984.36
2026-06-24,25,1092300,2353.86
2026-07-19,78,1087948,1986.49
2026-04-02,51,155167,1182.24
2026-04-30,22,1117445,856.14
2026-03-09,77,8328,1129.81
2026-05-14,20,1795927,2098.44
2026-07-09,17,1608166,816.29
2026-05-24,87,1613362,892.73
2026-06-22,64,176642,762.17
2026-07-14,80,1137970,1724.18
2026-04-12,11,63813,1481.74
2026-05-11,9,8640,1357.38
2026-03-12,21,19744,418.86
2026-04-28,63,102835,779.86
2026-05-06,28,85358,2035.84
2026-05-04,2,1808959,734.66
2026-07-23,42,909,1243.36
2026-06-30,9,71452,601.70
2026-06-11,65,6599,322.74
2026-03-12,2,1087956,679.79
2026-04-10,86,130756,1482.53
2026-07-11,52,1097520,2305.11
2026-05-05,55,1806148,1850.00
2026-05-03,39,19466,450.88
2026-06-22,39,104077,2356.12
2026-04-06,33,125754,1848.85
2026-06-26,12,195952,789.10
2026-04-07,42,130927,2073.68
2026-06-08,15,121849,1203.93
2026-03-10,13,90863,540.59
2026-05-06,83,1092673,1771.90
2026-07-05,12,107369,445.71
2026-03-18,21,1601687,1119.28
2026-03-14,55,1000641,202.58
2026-07-16,84,1126769,351.41
2026-03-04,36,1614450,1003.93
2026-06-21,65,1104939,2177.74
2026-04-12,55,1103769,806.60
2026-07-13,54,13668,417.89
2026-04-10,34,1840734,1640.52
2026-03-01,45,6236,190.72
2026-07-18,54,22329,1818.77
2026-03-17,50,129203,432.06
2026-06-21,35,1095610,599.16
2026-03-10,59,9895,1164.50
2026-07-20,1,188603,2329.47
2026-03-28,82,1080834,1970.56
2026-06-11,37,90408,110.02
2026-04-28,12,1171996,2439.04
2026-07-06,31,1767814,959.84
2026-05-18,5,1163721,816.06
2026-04-28,6,141633,625.13
2026-03-10,16,67014,2323.75
2026-04-27,27,4155,2425.29
2026-07-26,77,1133395,1878.43
2026-06-10,23,1635447,1582.47
2026-05-26,24,1104412,1945.17
2026-03-10,19,4940,2088.25
2026-04-21,10,7326,692.97
2026-05-13,53,1649174,1070.10
2026-04-26,78,1775522,1578.30
2026-05-08,74,1758290,411.16
2026-07-16,76,120637,2207.42
2026-07-07,31,1159627,1707.99
2026-06-01,28,107186,2399.89
2026-07-21,50,1616597,1425.11
2026-03-08,47,1121396,1513.87
2026-05-01,36,97048,1045.03
2026-04-04,33,9937,1056.44
2026-06-21,78,18200,2183.81
2026-04-02,73,15798,2368.71
2026-03-29,50,101615,167.62
2026-04-11,59,3240,2121.61
2026-04-03,15,8396,237.79
2026-05-25,50,2931,1750.42
2026-04-29,43,14530,130.78
2026-06-11,62,1807327,1003.74
2026-07-02,67,20196,1606.94
2026-06-16,58,78622,330.63
2026-06-06,17,1697436,439.04
2026-05-22,15,16275,717.77
2026-07-11,27,1005074,1468.96
2026-06-26,35,18409,2485.59
2026-05-26,70,41902,1286.78
2026-03-10,5,1655,834.58
2026-03-02,11,1080609,1728.35
2026-06-02,50,6975,2378.87
2026-04-16,31,1128180,702.23
2026-05-10,66,66819,419.51
2026-03-11,25,1138999,2342.29
2026-04-09,51,1113721,2283.01
2026-04-05,53,7421,1057.97
2026-05-06,18,13093,528.36
2026-06-18,42,1119740,2249.78
2026-07-11,87,124300,812.33
2026-03-13,72,2863,1200.51
2026-03-15,63,1783994,572.45
2026-03-21,59,1671365,536.64
2026-07-20,42,7010,1932.03
2026-06-13,29,1782161,1698.41
2026-03-10,64,78880,1680.31
2026-05-10,35,1814686,2472.36
2026-07-30,48,9055,451.89
2026-03-29,55,74432,1105.01
2026-06-22,16,1094700,1538.77
2026-07-03,77,38985,1756.15
2026-06-03,39,54628,186.82
2026-04-25,84,1152602,410.79
2026-07-20,60,5472,1679.07
2026-05-09,64,919,1968.03
2026-03-10,26,10913,2100.17
2026-03-15,23,4001,1497.42
2026-03-28,67,76662,1746.13
2026-06-07,17,78397,2486.61
2026-07-23,20,130595,1727.74
2026-07-30,52,1073276,404.50
2026-05-18,27,6909,297.59
2026-03-31,46,1604524,1735.76
2026-06-22,38,147025,494.24
2026-06-28,39,18792,1075.48
2026-07-24,65,18523,386.78
2026-07-23,71,66751,1011.48
2026-03-15,68,1149251,2481.97
2026-05-18,6,2538,2343.28
2026-05-18,74,116694,1014.20
2026-06-13,71,1569770,1932.16
2026-06-23,79,40532,994.98
2026-05-01,58,1094022,1341.86
2026-05-28,44,57546,101.65
2026-05-03,43,58056,699.74
2026-04-11,24,80754,1845.00
2026-06-25,72,1808953,1385.58
2026-06-11,1,1126873,1481.66
2026-04-23,25,107373,1481.45
2026-07-03,25,65600,1836.05
2026-06-23,64,1130942,1547.95
2026-05-16,66,1127332,1297.81
2026-03-16,79,3907,138.17
2026-07-12,66,1095147,1255.80
2026-06-09,26,63719,955.01
2026-04-24,79,63720,1666.87
2026-03-26,85,15024,1875.81
2026-03-03,40,165362,842.27
2026-04-07,37,1096592,885.69
2026-06-20,50,920,1319.61
2026-04-05,38,50549,626.10
2026-06-16,29,4469,848.56
2026-05-17,81,1112578,632.51
2026-05-06,57,107052,1125.07
2026-05-14,82,176642,1732.78
2026-05-30,81,63865,441.81
2026-04-05,19,1758290,1241.13
2026-03-26,57,3240,1852.26
2026-05-12,70,113150,2362.99
2026-07-03,40,1805851,229.59
2026-07-23,48,1171064,2363.96
2026-05-28,34,1135289,2054.60
2026-05-23,10,1103971,286.13
2026-06-19,9,1169766,1686.84
2026-03-19,33,1130716,1418.64
2026-05-02,85,67098,1063.04
2026-03-22,22,1614554,651.67
2026-07-10,62,2670,2418.64
2026-05-29,76,1818062,1345.38
2026-06-17,64,10652,759.93
2026-06-06,87,63617,815.26
2026-07-11,17,1116648,951.61
2026-06-21,53,158670,683.53
2026-03-22,69,4859,986.85
2026-06-27,31,8067,929.69
2026-07-08,25,63053,637.57
2026-04-15,37,1779157,1262.77
2026-05-10,18,120799,1244.05
2026-03-13,19,1789872,2399.27
2026-05-02,81,197530,801.24
2026-06-04,13,1588006,361.22
2026-05-10,16,1163409,537.15
2026-07-22,10,1129367,2260.58
2026-05-01,76,137458,2105.94
2026-07-14,29,16918,910.28
2026-05-23,69,9854,476.00
2026-07-12,34,1107355,1190.66
2026-07-26,46,1800217,1224.05
2026-04-04,46,1157927,2007.99
2026-04-11,38,49527,924.37
2026-07-02,54,188669,209.35
2026-06-28,53,1149961,1072.56
2026-07-26,64,37852,1757.18
2026-04-09,29,4645,533.05
2026-06-17,74,1648616,429.32
2026-06-02,7,1834198,1554.98
2026-06-21,6,65827,753.13
2026-05-18,10,107633,1226.83
2026-03-15,36,1087948,108.82
2026-07-22,9,41817,2056.95
2026-06-28,13,82203,1523.66
2026-03-05,45,109730,1263.09
2026-04-07,60,93035,1882.15
2026-04-05,73,1087948,860.48
2026-07-01,73,16163,463.02
2026-04-27,62,1615488,1106.51
2026-04-19,56,41817,1885.17
2026-05-30,30,1696557,660.79
2026-05-12,8,1616460,2316.42
2026-04-15,73,1086205,307.90
2026-07-26,52,1089111,1853.83
2026-07-14,48,63629,1446.17
2026-06-03,10,74171,1277.80
2026-06-16,74,65617,2092.92
2026-07-02,43,65789,981.09
2026-04-11,7,138777,1953.53
2026-07-24,20,66423,876.32
2026-05-28,50,151175,407.06
2026-04-14,34,5298,1551.70
2026-05-29,6,8284,1670.00
2026-04-19,10,1711028,1301.30
2026-04-06,63,18707,2147.93
2026-06-05,33,1026597,1098.66
2026-05-25,6,1627925,1278.66
2026-06-14,42,1709769,803.74
2026-05-05,52,106917,863.19
2026-04-22,7,1616597,282.50
2026-05-14,56,1819240,1727.75
2026-05-10,82,12560,697.24
2026-04-17,70,1579143,1062.07
2026-05-17,85,21389,2212.22
2026-03-13,52,1111867,493.71
2026-07-01,42,82960,1180.00
2026-03-21,65,1136255,1482.09
2026-04-24,3,61083,1751.16
2026-05-07,47,1670,1463.19
2026-07-05,63,7407,745.22
2026-07-27,31,131785,319.86
2026-05-17,76,1159284,2103.96
2026-03-27,30,79156,461.42
2026-04-25,6,125399,1007.22
2026-05-10,20,18292,1113.28
2026-03-12,74,107730,1387.70
2026-03-17,30,174511,2394.00
2026-03-14,7,9940,168.88
2026-05-28,58,4775,1532.38
2026-07-21,4,1089484,1779.78
2026-06-27,16,112561,897.94
2026-04-18,16,1574937,1611.02
2026-04-07,54,1072197,911.72
2026-05-27,39,1068104,284.73
2026-04-03,84,86759,2489.26
2026-05-22,14,107188,768.57
2026-06-29,33,147099,691.14
2026-06-27,83,1134373,1414.79
2026-06-22,30,15589,421.47
2026-05-06,84,11555,1974.32
2026-06-30,82,1158260,770.63
2026-04-30,37,109730,1119.31
2026-05-08,34,1132572,852.56
2026-04-10,26,90627,899.39
2026-07-03,33,66997,1997.19
2026-07-07,53,145099,220.53
2026-06-14,77,1151525,1283.35
2026-04-17,18,98583,1247.57
2026-05-09,19,3808,2251.20
2026-03-18,61,1089088,2110.04
2026-06-17,74,107838,1358.19
2026-04-29,11,1589086,1109.17
2026-05-02,30,131176,975.27
2026-04-09,10,1111931,765.16
2026-07-07,71,1077418,2420.70
2026-04-30,81,151931,1305.22
2026-07-09,48,2576,1729.93
2026-03-26,19,74913,958.66
2026-04-24,5,1026589,631.13
2026-05-07,57,107829,1089.34
2026-07-30,81,1127542,717.05
2026-04-03,50,149067,224.06
2026-07-17,7,1640015,1219.55
2026-04-01,82,104184,2387.79
2026-05-13,74,63053,2350.92
2026-06-14,72,110074,408.87
2026-07-03,22,12241,971.81
2026-07-25,37,105607,534.59
2026-04-09,18,5611,401.76
2026-05-27,71,3093,1480.07
2026-03-20,40,1122574,2087.53
2026-03-25,87,15492,1290.25
2026-05-06,32,7049,620.57
2026-06-20,73,55774,1886.17
2026-03-24,18,65845,2362.11
2026-06-11,54,3313,597.35
2026-03-16,38,1569861,762.40
2026-05-31,55,1132823,1173.39
2026-04-30,19,116701,2498.32
2026-07-21,85,97305,513.78
2026-04-14,86,7232,2116.24
2026-04-01,86,1113721,892.79
2026-03-29,3,1156439,398.56
2026-04-19,17,106933,273.47
2026-05-01,76,66654,1197.01
2026-05-19,45,6134,233.46
2026-07-16,40,7074,227.70
2026-04-18,51,1743361,1472.37
2026-03-31,36,63727,2359.40
2026-03-12,59,90408,744.15
2026-07-18,77,1616460,1985.61
2026-03-20,46,81015,1974.44
2026-05-27,50,100759,568.26
2026-04-18,2,1718746,1131.68
2026-05-10,25,8091,2337.38
2026-04-10,61,1734585,1238.93
2026-05-05,68,1059877,1228.17
2026-03-05,78,1105294,794.61
2026-07-13,5,131279,1453.00
2026-06-04,7,1101248,1509.21
2026-03-30,19,1646932,791.32
2026-04-27,73,66432,2066.40
2026-06-05,24,86802,1353.88
2026-06-13,36,65091,1495.70
2026-04-19,5,1787193,597.78
2026-07-24,86,125373,383.01
2026-06-19,13,1032935,909.70
2026-07-12,27,1569761,390.46
2026-03-22,71,1096929,1691.66
2026-06-15,70,111162,730.71
2026-05-16,4,177895,1446.89
2026-03-31,28,9747,114.78
2026-06-20,69,2670,1751.03
2026-03-09,25,4290,1619.28
2026-03-29,43,107550,233.01
2026-05-26,14,107607,183.07
2026-04-06,36,165304,2180.44
2026-06-27,15,1114027,449.81
2026-03-14,86,1698522,1140.75
2026-07-15,58,122894,109.44
2026-06-28,55,1126414,2407.07
2026-05-29,21,65660,1367.03
2026-04-14,22,115717,374.00
2026-03-16,51,17003,725.31
2026-05-23,14,198489,589.80
2026-03-25,17,53286,970.94
2026-03-25,19,18286,121.31
2026-07-22,72,9981,551.74
2026-05-14,69,1091654,2060.99
2026-05-05,32,148783,506.18
2026-04-21,47,168591,1910.86
2026-04-11,31,144998,1725.12
2026-03-19,25,150575,1529.18
2026-03-18,79,1134084,1925.09
2026-04-27,5,1646575,740.68
2026-06-05,7,1165757,170.80
2026-07-12,75,1151160,193.73
2026-03-20,80,1118417,492.59
2026-07-18,9,1648176,1515.71
2026-07-12,87,3662,908.59
2026-07-26,65,125074,765.82
2026-04-14,59,1136819,2202.96
2026-06-23,8,8039,1025.23
2026-03-19,36,1128421,457.51
2026-06-05,75,1130301,562.71
2026-06-25,53,1091270,636.89
2026-07-30,12,4392,2437.19
2026-03-07,21,1095648,350.76
2026-04-21,75,22890,1246.06
2026-05-13,65,141683,1760.05
2026-03-17,11,2931,203.05
2026-06-08,84,1607962,1404.77
2026-06-08,7,5105,1811.43
2026-05-13,72,7906,1587.30
2026-04-20,86,126489,2316.83
2026-07-07,35,1008792,1074.18
2026-05-01,44,105813,355.12
2026-07-08,74,1148024,1893.55
2026-06-14,43,1591844,1589.54
2026-03-08,22,22227,1616.71
2026-07-06,17,107378,1297.76
2026-04-19,5,1094872,1097.24
2026-03-16,78,1054256,1618.40
2026-07-06,78,7089,653.19
2026-07-09,36,1750501,1535.13
2026-04-26,76,16073,1302.49
2026-04-17,62,1596212,2317.52
2026-07-14,79,86425,673.17
2026-07-02,37,40897,730.08
2026-05-31,3,1647549,988.05
2026-06-06,27,1144730,822.90
2026-07-21,8,1000044,1112.52
2026-06-17,28,1095799,226.43
2026-04-18,78,98127,2222.76
2026-05-25,76,114616,605.50
2026-06-14,84,1094644,567.25
2026-06-13,41,20976,565.83
2026-05-30,86,105057,2195.67
2026-07-09,29,127675,2020.78
2026-05-20,46,7377,2092.39
2026-03-01,1,182452,1138.30
2026-03-07,25,154510,771.16
2026-05-08,37,115717,680.70
2026-06-20,33,107024,1419.04
2026-06-02,9,137611,2036.86
2026-05-08,66,3673,2149.38
2026-05-11,55,4270,1795.56
2026-06-30,3,18501,843.73
2026-06-26,53,731,868.81
2026-03-30,14,107482,2344.39
2026-06-23,86,1170384,1560.74
2026-07-26,81,2629,1773.99
2026-04-24,46,1158239,1844.60
2026-03-29,14,124924,2479.97
2026-03-06,66,50556,357.39
2026-07-28,74,1589376,2221.20
2026-06-13,39,10921,2421.94
2026-05-21,29,78105,1292.75
2026-05-28,77,1004894,1276.59
2026-06-23,81,5753,2330.86
2026-03-04,42,13975,1304.14
2026-07-03,64,1572112,1768.79
2026-04-13,77,107395,360.78
2026-05-25,56,12205,858.89
2026-05-15,20,1574107,868.19
2026-04-09,2,1172780,920.17
2026-07-07,66,16748,2340.00
2026-07-01,68,47066,1348.70
2026-05-24,81,12890,636.00
2026-05-16,66,85549,2130.03
2026-04-09,7,70637,1808.52
2026-04-27,32,16085,331.74
2026-03-14,51,9954,1565.86
2026-07-20,7,198166,2296.86
2026-05-07,55,137533,676.21
2026-05-16,57,1134496,347.96
2026-06-17,28,1732676,1778.56
2026-05-03,16,1116362,556.68
2026-04-06,14,114749,1732.12
2026-04-04,84,22120,1246.15
2026-04-20,57,1589772,1084.92
2026-06-01,7,22865,1929.32
2026-04-28,14,9895,2199.90
2026-05-12,54,1767355,282.07
2026-05-29,1,1073149,2491.73
2026-07-08,50,16745,123.54
2026-07-09,52,162172,1160.17
2026-04-05,13,107633,774.57
2026-05-10,74,116477,985.19
2026-06-15,1,157844,820.27
2026-06-13,76,1600096,175.94
2026-05-01,1,148171,290.45
2026-07-12,29,1086542,1448.95
2026-07-30,10,1589127,2443.96
2026-06-29,78,84572,399.20
2026-04-10,81,1004934,288.28
2026-06-02,8,153610,236.31
2026-07-07,58,107812,946.37
2026-04-11,4,1024149,2193.31
2026-04-18,55,66192,1043.58
2026-04-12,72,1108238,855.09
2026-07-25,8,1017526,1871.36
2026-06-11,86,171970,735.09
2026-04-01,17,4595,2474.66
2026-05-10,63,1701912,939.90
2026-06-26,76,1089292,1368.95
2026-04-06,25,104831,430.70
2026-06-23,67,1071297,317.11
2026-06-20,50,6525,1639.05
2026-04-04,55,1127528,1139.39
2026-03-19,12,1144901,1910.71
2026-06-30,70,21974,288.66
2026-04-15,45,143686,1831.24
2026-06-19,22,197955,2310.66
2026-06-03,56,53004,2356.60
2026-07-10,21,1700440,380.62
2026-05-01,23,20818,1313.82
2026-04-14,85,63720,188.17
2026-06-13,67,1175547,2372.34
2026-06-03,46,11941,1368.52
2026-03-09,62,63344,1713.40
2026-04-20,15,1101246,1540.53
2026-03-23,1,174585,2399.10
2026-04-06,83,189970,1233.37
2026-04-09,80,1650723,218.53
2026-04-21,19,13221,928.09
2026-06-27,73,1001425,735.39
2026-05-08,16,14693,296.34
2026-06-10,40,78105,673.37
2026-07-14,70,7933,454.00
2026-06-04,67,8317,451.28
2026-03-16,29,133984,2446.47
2026-06-13,81,1115110,1648.10
2026-04-26,75,1792403,832.32
2026-05-23,60,1084467,1319.75
2026-06-13,25,66563,199.28
2026-04-21,25,5485,1479.07
2026-06-30,44,198462,774.83
2026-06-26,84,1039856,672.07
2026-06-27,62,66638,138.18
2026-03-11,37,3205,2144.14
2026-05-25,79,18501,1884.00
2026-03-24,40,1101438,955.73
2026-06-22,37,1588999,780.33
2026-06-14,70,77437,341.45
2026-06-24,43,1127301,1345.66
2026-05-11,63,2073,2238.61
2026-05-18,30,1605989,250.44
2026-05-04,43,1107028,212.40
2026-07-09,13,1102777,1758.16
2026-05-23,12,140073,2443.14
2026-03-04,41,70475,882.81
2026-06-16,8,1646100,281.37
2026-03-14,56,63599,2111.17
2026-04-27,77,1767536,227.52
2026-04-13,47,1775881,1444.71
2026-06-09,82,1746030,1099.92
2026-06-03,3,89714,832.87
2026-03-31,34,50757,1864.41
2026-07-25,8,1817,1925.21
2026-06-14,49,63526,1609.88
2026-05-28,22,1589127,284.64
2026-06-07,2,1109101,1108.12
2026-03-01,82,84572,976.52
2026-07-28,3,1116678,1317.53
2026-06-01,18,1113630,1909.76
2026-06-17,61,21974,2213.54
2026-03-24,61,1707212,1267.96
2026-04-05,32,9636,2038.79
2026-06-02,18,498,2372.87
2026-07-10,76,66876,2428.68
2026-06-06,30,78622,1246.75
2026-03-05,51,9288,204.03
2026-06-26,20,1837,1070.49
2026-06-19,78,70939,1897.79
2026-07-16,72,18324,715.94
2026-03-10,49,177561,1811.17
2026-03-28,22,1133395,1774.32
2026-03-03,67,188989,1333.41
2026-03-21,56,1143675,615.17
2026-07-09,62,1091367,2109.91
2026-05-09,19,10702,1568.70
2026-05-12,62,7706,1696.79
2026-05-13,20,97168,1247.14
2026-07-24,38,106909,751.24
2026-07-09,65,97572,1006.77
2026-03-20,27,17346,374.40
2026-04-21,79,63344,759.88
2026-03-04,39,20194,168.40
2026-06-22,17,74956,1554.66
2026-07-01,54,1575535,1478.24
2026-06-26,43,1079551,1572.18
2026-04-24,84,80483,2080.81
2026-06-09,12,9839,205.89
2026-04-09,12,1000983,1901.14
2026-06-02,46,122530,1804.72
2026-03-04,71,15681,1424.94
2026-06-21,37,1749408,1483.12
2026-07-27,70,132203,2176.14
2026-04-01,37,1707864,1452.37
2026-03-25,83,78880,2019.62
2026-07-27,77,1734585,2234.70
2026-06-15,55,110644,842.12
2026-06-17,40,1704818,395.87
2026-04-29,2,1589772,2281.65
2026-04-09,82,1119662,506.28
2026-06-14,20,160757,951.49
2026-07-11,78,9112,2161.71
2026-04-25,6,107516,1091.92
2026-06-25,14,80374,1497.18
2026-07-18,47,4990,1993.50
2026-04-04,38,1001012,1147.47
2026-05-11,86,4859,2157.83
2026-05-02,8,3227,2392.89
2026-05-13,13,1081135,1816.43
2026-05-23,26,1838331,508.30
2026-06-15,23,4901,813.95
2026-06-03,39,49406,185.22
2026-04-11,74,8385,304.68
2026-04-01,80,107833,1122.26
2026-05-24,39,18371,487.62
2026-05-20,43,1627096,236.34
2026-04-18,63,21746,1357.22
2026-04-14,87,1108388,956.05
2026-03-14,62,1585853,2148.92
2026-04-10,8,100066,2009.52
2026-07-28,1,1094441,2258.41
2026-06-30,63,1097946,1770.50
2026-03-08,25,79218,1251.02
2026-07-24,4,107408,242.22
2026-05-14,60,15928,2390.84
2026-06-28,45,48833,1368.27
2026-06-15,50,1116517,1833.96
2026-03-24,51,1077582,752.37
2026-05-08,34,67193,1354.70
2026-04-04,6,5438,606.15
2026-04-03,9,151398,1602.02
2026-06-02,20,15710,1395.35
2026-03-27,87,1029070,1035.25
2026-06-17,18,104806,591.47
2026-05-06,8,1764618,1898.70
2026-05-28,64,81936,944.04
2026-04-28,83,189677,1732.32
2026-05-09,40,1631165,1711.53
2026-03-21,66,63526,874.92
2026-07-28,35,1666619,634.54
2026-05-11,33,2006,1682.12
2026-06-06,28,44325,950.08
2026-07-10,54,7340,650.93
2026-07-09,38,13691,1724.55
2026-06-17,39,1634072,1530.96
2026-05-02,71,1106695,964.44
2026-05-26,84,18140,2245.55
2026-05-14,67,62189,2036.83
2026-03-16,48,6370,2478.62
2026-07-26,72,1718729,1499.98
2026-04-27,32,1796030,336.57
2026-05-15,24,4632,799.47
2026-07-11,87,4575,1097.89
2026-06-28,77,4786,1484.52
2026-05-19,54,7731,1975.41
2026-03-04,16,63885,1537.77
2026-03-22,68,121823,639.03
2026-05-03,16,79247,1334.29
2026-03-02,34,93263,654.27
2026-04-10,13,1660631,913.95
2026-07-16,13,19333,430.49
2026-07-01,33,122206,736.08
2026-04-27,83,19243,1241.05
2026-07-30,43,9518,2364.75
2026-03-28,83,22758,2469.29
2026-07-08,19,149049,970.36
2026-06-16,81,1149399,2215.43
2026-07-21,50,1831708,2243.43
2026-04-30,1,163809,127.62
2026-07-11,47,18223,300.85
2026-06-12,74,1120375,1646.02
2026-07-01,28,10705,2192.31
2026-07-26,36,1647426,1088.38
2026-07-28,61,142308,895.07
2026-07-07,29,18924,2472.63
2026-06-07,42,56697,1232.77
2026-05-06,61,66077,2415.15
2026-07-11,16,1125867,425.61
2026-03-06,36,70535,2247.15
2026-06-24,23,1063544,278.70
2026-03-08,61,10998,422.35
2026-06-21,57,74661,1071.46
2026-07-28,59,56697,973.61
2026-03-13,34,14155,2330.82
2026-06-01,84,12249,763.83
2026-03-06,44,1644529,216.29
2026-03-25,9,67014,285.26
2026-04-03,63,22895,354.82
2026-07-15,26,1103897,1974.94
2026-05-11,23,142263,710.44
2026-06-04,78,149445,1463.13
2026-05-25,57,15972,220.46
2026-07-21,44,18849,1659.00
2026-04-03,16,1586987,1228.99
2026-04-16,44,6611,1343.96
2026-03-11,26,104685,1160.78
2026-06-20,55,1165308,547.50
2026-07-17,15,1159368,688.54
2026-07-29,20,1437397,987.19
2026-05-07,63,63788,391.65
2026-03-12,52,1009994,2037.36
2026-06-05,74,67157,488.64
2026-04-14,45,1786088,1353.35
2026-06-09,79,17788,2203.97
2026-07-16,21,185061,2045.49
2026-04-25,52,131279,2238.21
2026-03-06,32,66990,2084.67
2026-03-24,6,164136,2038.23
2026-03-07,24,1167329,2351.73
2026-05-06,39,111162,1960.11
2026-05-29,84,1150552,908.67
2026-07-23,19,9832,823.65
2026-06-08,55,125090,1046.16
2026-06-08,86,1155277,131.62
2026-07-23,49,1033897,1049.83
2026-04-04,73,117338,1679.50
2026-07-07,49,182263,1588.38
2026-06-02,36,135707,138.28
2026-04-12,72,19188,586.32
2026-07-19,11,14766,318.24
2026-04-12,82,1088400,1791.86
2026-04-17,42,62332,386.14
2026-06-16,7,1163703,359.99
2026-03-29,36,1671365,924.62
2026-06-25,13,19825,1613.87
2026-07-19,23,15208,197.69
2026-07-12,16,150888,1553.36
2026-04-20,51,107938,1667.63
2026-06-29,72,57601,535.98
2026-04-08,61,9340,2423.58
2026-06-07,81,14424,1705.49
2026-03-16,51,107813,944.71
2026-05-09,7,10258,398.49
2026-04-28,12,188528,2478.21
2026-05-07,52,4859,2083.38
2026-07-17,59,5525,1514.90
2026-07-14,52,163239,1132.70
2026-06-12,46,1157927,1025.91
2026-07-23,87,142263,418.16
2026-04-19,8,88509,1339.81
2026-03-04,46,18712,199.21
2026-04-15,33,1770988,2229.62
2026-07-25,70,1110147,277.85
2026-03-16,63,135055,2351.32
2026-06-01,64,1088335,1485.00
2026-07-06,38,1126280,1686.58
2026-03-07,44,1733717,2056.45
2026-03-02,38,76823,579.26
2026-05-06,35,1670,243.20
2026-03-09,49,113187,1777.86
2026-03-25,10,3124,2111.20
2026-03-08,83,78622,1852.99
2026-05-20,38,1765835,1694.45
2026-03-16,15,1809968,2271.52
2026-03-24,75,117338,1413.41
2026-04-03,69,62906,517.96
2026-07-07,73,1137223,475.50
2026-04-06,87,79156,114.38
2026-05-28,23,171091,1009.12
2026-06-12,21,64921,836.43
2026-03-28,12,10694,2389.55
2026-06-06,54,1798904,435.90
2026-06-14,30,15134,1342.64
2026-06-21,72,106965,1459.74
2026-05-16,64,1039746,1020.10
2026-07-18,68,140073,2411.89
2026-05-18,82,1647216,417.18
2026-05-14,15,71876,282.91
2026-06-05,31,1710097,1642.82
2026-03-21,36,107721,1407.73
2026-05-19,14,1171636,1286.56
2026-07-19,22,1039856,310.63
2026-05-18,68,1167329,1060.91
2026-03-18,24,1039589,2258.42
2026-03-22,76,179525,1572.26
2026-06-16,48,1010289,838.90
2026-06-16,23,122213,2092.44
2026-07-24,54,1109704,1496.45
2026-06-20,57,157250,194.12
2026-04-11,26,6507,1530.65
2026-03-27,50,21021,2445.82
2026-05-05,13,1776540,1274.18
2026-05-09,72,65639,1039.43
2026-05-23,43,182263,1948.44
2026-03-03,76,8255,2010.12
2026-07-09,30,17757,337.35
2026-06-04,62,149889,720.40
2026-05-17,64,1131366,2390.03
2026-04-07,36,50925,2180.23
2026-05-04,47,199045,1300.29
2026-07-07,86,63878,2477.88
2026-03-27,29,66168,493.51
2026-07-26,19,5425,791.88
2026-07-13,76,18799,1822.08
2026-03-09,10,63767,1791.58
2026-04-12,86,1706484,772.17
2026-03-09,4,50757,2280.39
2026-04-12,66,47008,405.63
2026-04-26,23,7768,1140.65
2026-07-02,66,5351,1346.84
2026-03-20,21,107590,561.83
2026-03-07,18,1817948,255.67
2026-07-24,25,22169,1325.55
2026-05-08,71,1104939,500.44
2026-07-01,11,1853023,881.45
2026-07-24,65,4195,390.39
2026-05-24,50,1039615,1223.78
2026-07-26,2,1080986,1914.19
2026-07-01,77,44276,979.58
2026-06-11,41,4128,1664.12
2026-03-02,41,158868,1753.81
2026-05-05,44,146357,964.30
2026-05-29,54,10321,236.95
2026-07-19,68,2576,1739.52
2026-03-25,22,1147261,1655.58
2026-05-19,49,63552,2438.00
2026-07-28,17,63711,1927.29
2026-04-26,38,1774692,751.85
2026-06-10,48,6936,1712.17
2026-03-10,66,198462,293.41
2026-03-29,65,2322,304.30
2026-06-03,33,10857,2218.91
2026-04-19,7,1089292,1430.06
2026-04-11,74,1664461,2346.20
2026-04-28,40,1171492,1254.25
2026-07-08,70,59896,1403.36
2026-06-14,84,1764846,1889.59
2026-05-22,74,55805,2416.96
2026-04-04,79,169900,903.54
2026-03-11,38,107940,990.37
2026-06-15,77,14954,485.84
2026-05-17,8,87480,2020.85
2026-04-20,15,156075,533.42
2026-06-04,69,1071297,1964.94
2026-05-19,62,11249,2105.37
2026-06-11,33,95611,1189.69
2026-03-17,76,86501,1581.32
2026-04-29,13,4658,698.98
2026-07-16,29,5425,252.20
2026-03-11,42,1135772,451.48
2026-05-13,20,89698,1182.30
2026-05-21,1,1714,2301.99
2026-03-14,17,11926,1777.06
2026-07-04,28,70475,597.64
2026-06-02,86,1568684,2384.13
2026-05-11,67,1130844,2448.29
2026-03-04,37,2349,2053.52
2026-04-11,4,15700,162.36
2026-03-25,24,42196,1284.72
2026-07-24,38,43392,2125.95
2026-06-10,56,22759,784.19
2026-04-01,54,180133,148.49
2026-07-25,48,82576,1836.84
2026-04-14,22,8685,2243.20
2026-07-29,9,1082288,609.15
2026-06-27,14,10173,1206.32
2026-06-09,15,95386,1463.84
2026-03-31,64,66202,1464.34
2026-05-16,85,66169,952.20
2026-07-02,57,6707,1417.98
2026-07-07,7,107320,578.12
2026-05-10,58,5472,2427.32
2026-07-18,16,154914,1106.86
2026-06-11,62,71935,1776.54
2026-04-24,13,1160949,2067.77
2026-06-08,84,97706,726.51
2026-03-02,41,130997,1558.94
2026-05-05,42,1018933,727.03
2026-05-30,17,11312,1037.20
2026-05-31,18,59830,341.57
2026-05-11,61,22169,1878.85
2026-05-23,13,83018,487.72
2026-05-13,85,1143552,1575.38
2026-04-10,49,66894,1397.18
2026-07-10,70,95406,238.97
2026-03-28,76,6215,435.07
2026-07-24,49,65607,1552.95
2026-03-16,33,15341,399.97
2026-07-27,59,41222,114.81
2026-07-16,52,104649,872.72
2026-05-06,7,1097956,1940.71
2026-04-14,78,21981,1369.77
2026-03-10,60,10408,1173.61
2026-06-27,75,190183,644.04
2026-07-19,76,66192,750.23
2026-05-06,69,1574090,944.48
2026-06-27,78,1154886,742.05
2026-03-30,9,61915,1520.67
2026-04-07,71,112230,1977.57
2026-07-14,8,84021,1794.26
2026-03-29,65,89243,1017.12
2026-03-07,37,137142,238.58
2026-03-13,35,41101,1801.13
2026-07-13,75,1589086,546.34
2026-03-27,64,1750501,215.62
2026-04-05,52,60086,2368.62
2026-06-29,44,10365,1937.59
2026-06-11,58,1643699,130.62
2026-03-21,70,1108388,672.59
2026-03-17,40,1843633,2427.43
2026-07-19,12,155284,2058.24
2026-07-17,33,1772846,1290.62
2026-06-20,27,1145841,1818.70
2026-04-22,47,1618026,1051.04
2026-06-11,3,4475,2452.10
2026-07-26,67,16830,1996.60
2026-06-11,67,1590766,947.50
2026-07-24,80,1166521,618.44
2026-03-24,12,1109079,884.91
2026-06-11,8,135956,2238.65
2026-06-05,36,107373,775.92
2026-06-11,87,1743358,1813.47
2026-05-13,30,608,2165.61
2026-07-12,6,20178,555.59
2026-03-24,78,1795910,210.57
2026-06-04,19,1695791,1507.06
2026-06-27,76,1108147,1558.38
2026-03-27,6,1104529,2419.96
2026-03-07,50,156259,1964.00
2026-04-19,4,1100642,1408.79
2026-06-05,37,65773,2296.74
2026-06-01,81,1123390,581.29
2026-03-30,84,1818062,896.18
2026-06-06,32,65278,1714.37
2026-07-06,80,71889,143.04
2026-04-24,36,1073149,225.19
2026-06-04,28,155885,2139.28
2026-03-05,70,1106362,143.53
2026-03-18,14,125234,1706.77
2026-07-01,64,2395,1500.19
2026-03-14,17,2790,1182.74
2026-04-06,63,51789,126.68
2026-03-03,11,44423,2465.28
2026-04-06,23,1800762,225.45
2026-06-10,17,107518,1506.43
2026-05-01,12,17584,2027.72
2026-06-27,77,67045,1175.97
2026-06-26,76,156343,2485.51
2026-03-13,86,1125371,966.00
2026-06-29,84,1096531,298.75
2026-07-16,72,4647,1937.54
2026-07-04,59,66654,1591.61
2026-07-04,60,16466,282.83
2026-07-28,6,1761206,2036.28
2026-03-02,68,21670,140.05
2026-04-10,51,53576,144.10
2026-05-19,42,1166819,509.85
2026-06-16,42,1784777,1015.09
2026-07-14,42,1712703,1746.63
2026-03-05,76,126193,1225.61
2026-03-07,40,4144,1709.82
2026-07-26,12,1574653,1786.84
2026-06-29,67,116265,1597.68
2026-06-14,15,66169,1975.35
2026-07-10,74,98116,2074.99
2026-05-09,66,118447,2154.00
2026-04-18,55,4274,247.24
2026-03-05,43,1661921,1034.54
2026-03-31,71,107767,509.82
2026-07-01,67,1155229,313.92
2026-03-16,3,20860,1349.11
2026-03-18,55,1010289,2468.27
2026-06-29,47,1130092,1972.98
2026-04-09,66,1589518,2151.13
2026-07-30,3,98875,2436.84
2026-04-24,41,1039608,545.84
2026-06-05,22,73959,1501.73
2026-03-31,40,1006083,118.82
2026-03-03,37,1094355,512.19
2026-05-07,2,18331,2092.90
2026-05-27,48,1043596,2282.59
2026-03-21,37,651,2452.41
2026-05-29,42,107365,767.94
2026-05-14,16,60318,103.83
2026-07-17,3,6742,1160.19
2026-05-31,49,63827,1525.04
2026-06-04,9,84774,315.05
2026-04-23,65,151834,290.31
2026-06-29,33,107571,1886.55
2026-05-08,21,1159272,2483.43
2026-04-01,87,100057,434.46
2026-07-11,56,50506,2052.62
2026-04-14,53,169892,1720.77
2026-04-12,11,1003748,657.43
2026-03-03,8,9747,283.07
2026-04-27,8,2188,2167.99
2026-07-02,7,2444,534.02
2026-04-01,23,194299,862.37
2026-03-31,84,152892,499.38
2026-05-17,35,80967,333.64
2026-03-17,47,1094644,291.09
2026-07-17,36,519,2354.75
2026-06-25,87,1634237,755.03
2026-07-10,42,84572,1309.26
2026-04-11,77,8459,761.69
2026-07-14,61,130997,1389.79
2026-05-08,32,1174539,1064.11
2026-07-12,77,1755,1026.31
2026-03-11,51,1748982,2021.66
2026-06-29,30,107833,821.69
2026-07-12,49,47067,929.63
2026-06-09,58,1670259,1940.55
2026-05-10,55,59637,1104.28
2026-07-17,68,63789,863.69
2026-04-26,52,133953,1163.72
2026-05-13,52,1093876,1991.44
2026-04-09,52,6585,2081.85
2026-03-01,13,169374,1867.60
2026-06-11,52,885,1224.57
2026-05-23,34,16999,662.10
2026-05-01,35,1071472,281.57
2026-07-03,6,12552,140.72
2026-03-04,79,1587156,1224.90
2026-06-08,63,110505,1698.37
2026-04-18,14,1146129,1394.71
2026-07-02,75,17985,1811.46
2026-07-19,57,9895,1768.54
2026-07-18,60,6891,2429.23
2026-06-16,5,89260,1055.11
2026-05-06,87,14237,2290.90
2026-04-11,30,119749,2176.21
2026-04-15,55,107324,1836.94
2026-04-09,6,157950,1664.74
2026-03-30,52,1668943,2441.57
2026-04-04,21,107118,438.59
2026-07-23,19,1574115,1533.12
2026-06-12,19,1074396,1455.88
2026-07-23,60,52877,2333.40
2026-03-18,76,56662,846.09
2026-03-14,34,87258,2425.22
2026-04-17,50,3953,1046.06
2026-03-28,32,12552,2050.17
2026-03-13,30,12617,743.42
2026-03-17,62,125503,372.16
2026-05-15,36,100264,1626.53
2026-05-10,51,1588651,411.43
2026-03-31,4,107593,121.20
2026-04-15,82,4110,1284.19
2026-05-08,56,8089,1791.88
2026-06-16,20,1684290,1539.73
2026-05-23,47,1616915,2481.42
2026-03-19,84,11725,1750.41
2026-04-28,84,107529,305.77
2026-07-27,51,63792,876.03
2026-04-08,13,175907,502.59
2026-03-21,62,68690,537.34
2026-05-07,75,1080610,1290.31
2026-07-10,25,1134373,297.10
2026-06-15,81,1647534,2121.42
2026-05-16,17,4730,2093.40
2026-07-24,66,9144,1410.50
2026-06-15,21,9747,1469.99
2026-06-07,8,71662,2188.71
2026-05-10,20,6922,421.27
2026-06-17,55,65957,2047.13
2026-05-08,44,1648176,656.00
2026-05-03,48,1784390,1037.98
2026-07-12,85,141131,2079.50
2026-07-03,57,15951,186.00
2026-04-19,8,120799,1353.01
2026-06-27,6,66746,1585.90
2026-05-01,30,1137144,1827.66
2026-03-13,43,72149,154.59
2026-03-07,48,1652245,1219.25
2026-05-31,8,1838444,2045.38
2026-07-11,41,8587,1768.17
2026-07-14,54,107649,669.65
2026-03-13,86,156259,1224.29
2026-05-26,49,15671,1903.73
2026-03-16,2,84805,2343.56
2026-07-03,4,19027,1566.69
2026-07-03,20,8373,1705.40
2026-05-03,19,40532,310.12
2026-06-03,41,1108388,1035.59
2026-07-27,77,137525,1166.45
2026-05-30,76,1576244,1695.96
2026-06-30,53,1625374,1286.35
2026-04-10,50,1026589,1051.30
2026-04-11,36,1710097,1737.20
2026-07-17,34,110512,1248.20
2026-03-02,44,159055,971.52
2026-07-15,58,14305,1205.49
2026-03-12,58,1770223,356.83
2026-05-19,44,137353,877.91
2026-07-11,83,1172923,849.77
2026-05-29,39,127107,554.64
2026-03-28,4,121595,1534.08
2026-03-12,41,143835,120.73
2026-07-28,26,8912,1937.25
2026-03-19,38,14530,1661.79
2026-07-29,52,142925,948.20
2026-03-21,60,62578,1583.10
2026-05-16,55,107679,572.02
2026-05-23,54,1664461,1383.98
2026-05-02,33,1134899,1106.08
2026-07-18,83,157325,423.85
2026-03-02,1,11014,883.91
2026-06-10,39,137135,2220.81
2026-04-09,65,46417,2046.12
2026-06-22,66,1169528,413.49
2026-05-29,9,1831272,1164.15
2026-05-22,19,1082140,1690.98
2026-05-10,40,1122136,2498.72
2026-05-25,37,6707,2129.86
2026-03-19,67,73959,1788.32
2026-03-08,9,5640,1694.90
2026-03-30,2,1887,113.28
2026-06-11,16,80706,2488.06
2026-03-17,57,18097,411.88
2026-05-26,82,5657,1514.64
2026-03-14,6,107904,2030.69
2026-03-16,81,61641,1381.15
2026-07-26,28,1646282,1805.58
2026-06-27,63,7005,857.08
2026-05-18,41,5616,1328.36
2026-06-02,15,1088844,905.81
2026-05-02,80,22332,1321.73
2026-05-13,4,165245,1708.40
2026-06-18,60,1151571,253.43
2026-03-31,86,165602,1300.62
2026-07-05,15,1807327,880.53
2026-03-17,33,1091654,374.41
2026-04-17,28,16275,982.92
2026-04-02,47,176720,2341.56
2026-06-06,81,124924,2289.89
2026-04-19,36,59068,363.66
2026-06-23,82,8773,187.87
2026-05-25,57,20195,1764.48
2026-03-24,59,118848,645.34
2026-04-17,8,22827,1672.85
2026-04-13,51,5197,1358.96
2026-05-29,70,140120,2354.34
2026-07-11,79,1544168,2068.28
2026-06-28,84,20017,2243.79
2026-04-27,86,123213,1477.98
2026-07-04,70,148851,920.45
2026-03-23,3,1649335,801.51
2026-04-19,18,126800,914.29
2026-07-01,18,63832,2410.10
2026-03-12,33,10709,2345.40
2026-05-06,54,165602,1941.58
2026-05-10,79,19790,1633.19
2026-06-01,64,107821,2174.76
2026-05-18,68,1111782,419.98
2026-05-29,60,1575752,1561.48
2026-05-27,6,3124,1272.90
2026-07-03,8,132203,237.93
2026-06-23,25,137994,2346.23
2026-03-24,53,116869,1753.12
2026-07-26,39,99774,802.91
2026-03-03,32,22326,926.87
2026-05-12,22,1133454,1117.79
2026-04-09,31,1648447,1895.84
2026-06-18,85,114133,1245.11
2026-05-28,46,1114695,549.70
2026-03-07,80,1143756,2093.51
2026-05-08,7,174211,2044.09
2026-04-16,38,1797975,1677.84
2026-05-15,7,97971,1760.01
2026-04-12,63,1086205,1744.83
2026-03-07,18,40780,1893.47
2026-05-25,14,1155291,2390.35
2026-06-28,78,84449,1203.28
2026-05-30,68,130831,2122.67
2026-07-21,68,13719,594.33
2026-06-12,43,4128,2095.98
2026-04-13,54,43626,2291.85
2026-03-19,36,157275,2050.91
2026-06-23,87,18286,568.73
2026-05-05,37,188003,1373.61
2026-04-19,86,10857,181.24
2026-07-23,9,20813,1530.99
2026-03-12,74,1092665,2131.69
2026-04-28,71,509,1991.20
2026-07-11,40,16640,1953.31
2026-07-07,49,61915,181.28
2026-04-17,79,199708,1542.70
2026-04-08,29,1006065,946.65
2026-04-03,72,112561,1714.12
2026-04-11,86,10797,696.23
2026-07-12,25,179602,2120.05
2026-03-31,10,1149252,1354.74
2026-06-23,2,197688,1095.85
2026-06-09,41,1143796,608.43
2026-05-15,28,1570215,224.20
2026-04-05,74,14978,1431.10
2026-04-08,3,1116501,1256.77
2026-04-17,59,81267,895.25
2026-07-05,36,1089744,2347.89
2026-07-17,40,1607372,1177.19
2026-04-17,76,138105,1190.44
2026-04-06,62,132281,982.69
2026-06-18,2,42309,760.08
2026-06-12,74,79291,2265.23
2026-06-17,80,1568992,844.19
2026-06-17,71,18811,250.47
2026-05-05,50,20227,1069.10
2026-04-15,11,141687,291.98
2026-05-07,87,18340,1677.89
2026-05-14,32,1887,1275.11
2026-04-09,38,199088,522.68
2026-06-14,35,1171969,245.71
2026-06-01,26,107728,2412.49
2026-04-10,43,75202,1541.99
2026-06-27,11,1110134,1509.39
2026-07-03,46,1690023,366.36
2026-03-14,21,1145150,1656.87
2026-07-22,62,19951,1950.95
2026-05-11,45,10032,2125.99
2026-05-01,50,177560,1862.44
2026-05-12,20,6430,862.83
2026-04-14,19,8274,2398.82
2026-03-08,66,7142,1671.88
2026-05-31,45,50103,102.21
2026-05-12,67,1097891,1859.02
2026-04-20,4,45979,449.86
2026-03-07,86,123253,216.83
2026-03-09,24,1076686,2262.60
2026-04-12,5,103682,1128.73
2026-07-24,61,6930,2267.44
2026-05-07,29,1659407,2452.68
2026-03-21,11,117988,1713.15
2026-07-21,65,1704903,355.83
2026-07-02,52,15208,1219.06
2026-05-21,74,10593,2494.63
2026-03-07,40,185514,1548.50
2026-05-03,62,138423,1797.92
2026-07-08,37,116132,2233.90
2026-05-06,49,22759,665.74
2026-05-15,84,1122246,2474.74
2026-06-12,44,1671038,1823.35
2026-03-05,32,19948,2215.24
2026-06-22,80,93757,181.32
2026-06-07,57,148726,389.47
2026-06-21,1,1120517,2170.59
2026-04-20,19,65825,2439.56
2026-03-29,2,55009,1465.05
2026-03-01,41,106349,2262.60
2026-06-05,22,1572112,2260.89
2026-04-29,13,199775,1030.20
2026-03-06,78,1626761,2313.93
2026-05-21,35,141053,1394.03
2026-07-10,54,66999,1411.19
2026-04-23,54,22827,1559.56
2026-03-13,52,65311,2152.21
2026-07-03,21,1159373,2122.41
2026-04-28,10,9747,205.80
2026-03-19,26,10303,908.77
2026-06-08,39,65267,339.16
2026-03-16,17,6936,2026.76
2026-05-26,74,198468,1306.70
2026-04-01,42,1809968,1553.04
2026-05-15,77,1092665,2357.47
2026-04-22,65,106909,1015.06
2026-06-14,79,11641,695.62
2026-05-24,40,151373,1785.09
2026-04-11,77,60781,633.10
2026-07-08,83,98340,231.75
2026-06-23,64,1709078,1009.97
2026-05-08,44,104814,1392.69
2026-07-10,74,1775869,142.43
2026-06-29,29,1569394,273.66
2026-05-09,9,1633919,764.64
2026-04-14,27,1815008,2223.02
2026-07-11,69,175625,2109.52
2026-06-18,81,1750665,694.08
2026-04-02,25,95736,2367.54
2026-04-14,8,122530,1840.87
2026-06-26,73,5293,600.45
2026-03-11,13,1616915,2272.60
2026-04-18,67,9260,1243.25
2026-03-11,81,109730,854.87
2026-04-02,55,1095407,1930.82
2026-05-31,36,15479,276.45
2026-05-07,9,111163,2391.29
2026-05-30,42,115703,480.34
2026-05-30,86,65802,793.96
2026-04-15,71,156532,2470.02
2026-05-20,4,66997,2485.58
2026-04-08,4,1149826,1684.82
2026-07-21,45,1604511,2369.33
2026-06-01,6,198315,1825.97
2026-07-24,63,1108835,1831.28
2026-07-11,23,1784390,2272.88
2026-04-14,45,120034,1039.19
2026-04-27,34,1098983,2364.45
2026-05-18,3,67182,2489.48
2026-04-25,26,1615911,1140.48
2026-07-04,37,20542,1854.52
2026-05-23,11,1154796,2198.48
2026-06-14,23,107409,1898.12
2026-05-04,47,1812228,1546.28
2026-06-28,24,46578,1912.88
2026-07-03,37,1002394,1257.52
2026-05-15,47,143802,784.37
2026-07-20,77,149890,959.80
2026-07-10,64,106911,2409.31
2026-05-19,66,731,2475.96
2026-05-13,34,196656,1412.62
2026-04-24,32,194046,1714.66
2026-06-06,74,164136,945.68
2026-07-05,55,1159561,2333.50
2026-07-12,30,157956,1696.78
2026-06-16,22,11929,672.72
2026-05-20,84,122264,509.98
2026-03-23,65,1130957,309.37
2026-06-12,27,1814670,1429.94
2026-03-19,20,1838616,110.27
2026-04-03,21,1012575,2483.07
2026-04-11,38,18286,2161.09
2026-03-29,37,171405,603.69
2026-06-14,39,109730,320.28
2026-03-07,54,100751,928.05
2026-03-10,74,1593128,2228.33
2026-06-09,13,54087,926.23
2026-03-06,79,1039,897.22
2026-05-25,67,1765833,766.88
2026-06-21,43,107428,2153.12
2026-03-08,73,5094,2330.50
2026-06-27,53,1118805,375.42
2026-04-02,73,1713887,1446.06
2026-04-06,83,1054256,395.54
2026-06-27,36,128307,1997.32
2026-04-02,32,5813,1058.37
2026-03-12,39,1764867,1080.06
2026-03-19,47,14666,1325.21
2026-07-27,55,1127329,1007.92
2026-07-18,6,1090952,186.34
2026-05-04,5,118518,2417.45
2026-03-12,54,1651519,1491.31
2026-05-05,81,51730,915.68
2026-05-18,16,109476,1586.69
2026-07-21,54,19233,249.70
2026-03-09,64,12169,1180.00
2026-04-21,34,1669,1087.21
2026-07-14,73,6334,1078.09
2026-05-28,12,189970,1628.54
2026-06-06,29,63622,2294.64
2026-07-02,71,106171,1246.67
2026-06-27,57,194299,1814.54
2026-06-29,40,107551,1138.84
2026-06-03,16,1664808,2208.70
2026-07-29,53,1014914,989.42
2026-05-12,74,92079,1420.95
2026-05-16,82,190251,2425.71
2026-06-23,83,38890,1769.47
2026-05-11,81,1625,1144.37
2026-07-09,28,63729,2306.61
2026-04-23,69,51630,1438.60
2026-05-15,8,78904,787.71
2026-04-11,52,1701921,2185.61
2026-06-16,16,1587073,1647.33
2026-03-04,59,100308,1386.35
2026-06-22,66,107518,200.03
2026-03-16,2,96021,1840.42
2026-07-27,4,1767814,892.60
2026-07-24,80,10948,1568.07
2026-05-30,10,6903,215.31
2026-07-25,55,138069,2076.37
2026-05-04,52,121286,2244.71
2026-05-11,61,1010289,326.15
2026-05-01,21,89714,653.57
2026-03-30,46,137868,960.05
2026-05-03,58,91005,906.96
2026-05-22,2,111759,1771.64
2026-07-02,42,4078,657.63
2026-04-15,79,111990,2450.17
2026-07-29,49,1662,1536.33
2026-07-26,27,1129573,664.52
2026-04-20,70,150415,1319.87
2026-07-26,46,1150003,2478.80
2026-07-08,6,160161,1151.95
2026-06-28,82,8966,601.39
2026-03-08,21,1104412,212.78
2026-06-25,57,4282,187.39
2026-05-30,55,104870,744.80
2026-03-14,27,96879,177.32
2026-07-14,30,9854,1585.31
2026-07-24,49,11250,2124.79
2026-05-06,38,1032953,1876.80
2026-07-16,67,71207,856.84
2026-05-18,20,1132397,252.78
2026-05-08,71,1126414,176.74
2026-03-07,1,4975,1004.74
2026-03-11,87,9714,2342.47
2026-03-23,82,66753,2243.59
2026-06-08,46,80535,2161.28
2026-07-24,34,120979,691.43
2026-03-04,35,98340,1810.46
2026-04-04,83,59543,1140.97
2026-06-16,2,82899,2296.37
2026-07-09,31,13518,2279.68
2026-07-20,26,1775552,1495.90
2026-06-27,81,1001422,1778.15
2026-03-25,14,138069,983.91
2026-06-05,6,102835,873.94
2026-06-09,1,1043866,2203.69
2026-06-06,4,10948,1403.63
2026-05-19,19,15681,649.50
2026-06-20,59,7711,859.49
2026-05-17,72,110323,1158.41
2026-05-16,48,11044,1440.94
2026-03-08,34,119828,621.37
2026-03-03,12,8351,251.34
2026-05-10,51,1158237,2143.58
2026-05-17,21,67524,276.67
2026-07-04,51,19134,2041.64
2026-03-30,57,18187,1916.84
2026-07-15,79,47492,1832.86
2026-03-27,11,197713,461.06
2026-03-01,28,1003942,272.67
2026-07-08,34,1145264,779.99
2026-05-31,65,47492,1935.44
2026-05-12,54,1605989,326.36
2026-07-10,85,159727,1176.29
2026-07-25,44,107688,1245.34
2026-05-08,30,1156902,618.76
2026-06-24,26,8091,323.03
2026-04-26,42,1646555,596.17
2026-06-18,38,44779,606.23
2026-04-15,61,43537,1366.76
2026-06-24,22,115967,845.13
2026-06-05,51,80543,2229.71
2026-05-29,22,13721,1093.21
2026-07-25,46,107676,1393.07
2026-04-05,78,2790,1794.14
2026-05-20,82,106900,459.76
2026-05-28,34,61512,2078.19
2026-06-09,74,132606,1171.31
2026-03-21,26,63727,1015.27
2026-03-13,3,10583,2221.37
2026-03-22,31,1039856,1181.36
2026-07-20,15,112509,1604.76
2026-03-05,86,1088284,1240.87
2026-07-09,71,11104,1270.60
2026-04-16,45,100759,480.15
2026-04-11,71,133022,1992.09
2026-05-03,9,86389,904.20
2026-03-11,83,16562,956.55
2026-04-15,68,80925,2065.29
2026-03-09,45,66256,1229.69
2026-06-11,58,7146,1443.29
2026-04-15,21,133953,234.53
2026-04-21,33,165304,927.84
2026-05-19,68,636,1904.61
2026-06-16,3,59543,1154.32
2026-07-11,80,1742386,459.48
2026-06-18,13,10778,1239.92
2026-05-22,86,73205,145.20
2026-06-04,42,14766,315.70
2026-07-28,3,65827,458.12
2026-05-23,80,66654,1097.84
2026-05-25,63,175426,2361.90
2026-05-20,22,1092665,2288.41
2026-03-07,75,1098131,2274.84
2026-03-06,64,75600,1536.89
2026-06-09,84,90168,1802.98
2026-07-13,68,107173,2461.08
2026-06-07,59,1098131,154.34
2026-04-22,2,187479,2090.39
2026-05-24,67,1010078,2020.00
2026-05-06,55,112456,523.96
2026-05-18,84,1808953,1515.18
2026-05-08,70,84327,1739.36
2026-04-11,82,1818062,2077.20
2026-03-09,58,1820523,2257.69
2026-04-15,71,1960,774.68
2026-07-19,85,1586987,467.22
2026-05-26,12,1604524,642.77
2026-06-01,14,136850,281.41
2026-07-05,61,51363,174.93
2026-03-19,7,66968,869.67
2026-07-02,86,89243,2164.26
2026-04-27,78,199778,1297.56
2026-04-24,24,62930,186.06
2026-06-29,87,1121545,2408.66
2026-06-01,32,1103897,1736.60
2026-06-15,85,15272,611.97
2026-05-13,85,145099,2001.13
2026-03-16,73,1735378,2431.50
2026-07-29,66,148684,840.55
2026-07-06,22,59389,1745.64
2026-06-29,55,19636,920.12
2026-04-10,86,9747,2135.67
2026-03-02,45,1166464,2363.29
2026-06-01,73,167867,203.94
2026-05-15,23,108338,1824.81
2026-06-24,8,1945,1571.87
2026-07-19,54,168451,713.34
2026-07-05,40,109349,2496.00
2026-03-13,18,1776437,1391.06
2026-04-01,21,63550,2202.66
2026-06-30,31,1819818,2287.13
2026-03-02,84,1759627,2488.25
2026-04-26,12,150818,254.78
2026-07-27,11,15050,755.15
2026-03-01,7,1104662,335.23
2026-06-26,43,14631,2445.31
2026-03-26,81,110904,1710.76
2026-04-30,51,64234,1128.92
2026-05-04,1,20514,1749.37
2026-05-07,43,100073,2287.69
2026-03-08,72,129571,416.50
2026-03-27,32,49717,1196.27
2026-07-18,46,8404,538.92
2026-06-16,64,1174608,2255.46
2026-03-13,82,14642,1612.39
2026-05-07,39,48991,1808.43
2026-07-23,3,9918,1048.62
2026-06-07,67,4774,1073.48
2026-05-24,61,140651,887.35
2026-05-16,38,1572783,772.80
2026-03-20,9,1711834,1340.28
2026-06-14,72,147349,1984.31
2026-05-17,77,47661,2276.52
2026-06-06,68,63576,1579.23
2026-05-21,22,1012571,1719.65
2026-04-09,72,130796,1576.28
2026-03-08,60,1071885,1811.34
2026-06-13,84,1172923,1377.77
2026-06-30,70,71958,2426.97
2026-07-19,23,13946,1622.72
2026-06-01,46,1646404,878.53
2026-06-13,54,19053,1279.70
2026-05-06,70,8091,1543.79
2026-06-19,25,107370,2273.71
2026-06-11,43,1148380,2328.22
2026-04-09,58,44282,1722.86
2026-03-11,18,65618,1980.24
2026-07-19,30,4917,1306.54
2026-07-28,66,141845,2140.75
2026-04-26,17,158868,769.71
2026-05-26,7,129205,2267.90
2026-05-10,18,1598331,1965.49
2026-06-03,48,199189,1548.38
2026-07-29,65,21014,1424.25
2026-06-22,38,71257,2411.76
2026-07-14,7,1104661,204.90
2026-07-04,43,135416,2143.55
2026-05-01,58,8148,2472.01
2026-04-30,39,185194,344.16
2026-05-26,56,148024,2493.31
2026-04-08,48,7223,2355.08
2026-03-10,59,7049,2256.29
2026-06-21,52,13691,1008.52
2026-06-14,22,1643564,495.37
2026-04-21,12,4469,1220.77
2026-05-12,4,10532,978.84
2026-06-09,83,14961,355.87
2026-07-22,10,156087,1480.37
2026-03-10,85,786,978.21
2026-04-14,79,5229,2295.18
2026-06-19,71,10782,479.77
2026-03-04,54,17911,367.94
2026-04-22,65,79247,1716.78
2026-03-12,64,149890,1112.37
2026-07-29,73,128635,561.73
2026-07-06,13,1108259,626.43
2026-07-17,58,5226,683.93
2026-04-16,29,10402,2261.32
2026-03-03,20,1082051,1240.43
2026-06-11,25,16567,1435.09
2026-06-15,30,4848,2343.20
2026-04-26,63,1054797,300.80
2026-05-31,49,179021,2045.68
2026-07-30,2,124415,2472.98
2026-05-28,15,1690243,2432.16
2026-06-28,45,175365,1011.79
2026-05-29,64,1702299,2382.23
2026-05-11,16,2181,2238.91
2026-06-23,33,71637,349.39
2026-05-11,12,2263,405.31
2026-05-03,9,84805,1212.60
2026-06-28,60,137090,756.62
2026-06-23,52,20179,606.49
2026-06-29,86,126162,102.31
2026-03-28,80,89714,1314.01
2026-05-01,42,177453,2094.52
2026-05-07,21,18077,2366.73
2026-06-17,68,20847,1674.62
2026-05-10,44,4848,603.27
2026-03-07,49,519,1680.59
2026-05-25,35,66876,1127.12
2026-07-23,28,1785374,1533.37
2026-05-31,52,57468,2098.69
2026-03-05,9,5604,1675.54
2026-06-16,21,63514,1562.89
2026-06-08,70,2339,1721.42
2026-04-10,30,53726,1099.62
2026-03-17,36,8281,610.22
2026-06-18,5,1159695,2455.71
2026-05-25,20,1847842,2065.44
2026-05-18,4,112224,1727.56
2026-04-20,3,8067,313.49
2026-05-28,61,1816711,1810.04
2026-07-05,39,146381,1941.03
2026-03-17,22,62906,383.10
2026-05-18,22,78342,121.69
2026-06-12,40,97792,2088.61
2026-03-11,39,15503,942.70
2026-05-06,54,1619164,1164.17
2026-06-28,29,1125371,732.79
2026-07-09,40,49824,1238.61
2026-07-18,63,1626761,505.75
2026-04-06,67,1606558,1865.84
2026-03-17,35,1786911,2079.46
2026-07-20,6,1600432,1639.91
2026-05-11,31,10750,2321.24
2026-04-10,20,1003748,2331.12
2026-06-27,82,7139,565.51
2026-06-05,20,107645,772.93
2026-06-08,54,1129898,1980.88
2026-03-14,35,66682,1596.56
2026-07-08,41,1626563,1469.25
2026-05-10,69,1663711,367.04
2026-07-10,42,175426,2115.41
2026-07-27,53,6280,2001.01
2026-03-04,62,49515,1102.15
2026-03-17,80,1091367,2004.15
2026-04-12,17,17788,2243.70
2026-07-06,77,1596212,460.12
2026-05-28,27,1127542,827.13
2026-03-31,49,138536,2412.33
2026-05-05,60,138048,1197.21
2026-06-08,79,6922,343.02
2026-05-07,13,65651,660.41
2026-04-29,43,113187,1814.26
2026-07-07,40,1040727,751.94
2026-04-06,72,95329,981.68
2026-03-12,7,83918,2182.72
2026-04-09,63,1647009,2135.56
2026-05-18,10,45967,1287.15
2026-04-30,84,2006,212.38
2026-07-02,15,147099,1208.72
2026-05-06,3,1073149,1026.08
2026-04-21,84,8911,1411.23
2026-06-30,85,1831538,2393.39
2026-03-26,70,1130849,1891.25
2026-05-22,69,80480,706.08
2026-03-10,41,104506,1082.04
2026-03-05,9,111074,1633.70
2026-04-03,11,1130092,2366.81
2026-03-29,21,2046,1721.58
2026-04-06,37,1840734,1840.08
2026-04-20,65,1600814,1580.75
2026-03-18,28,1593128,1129.97
2026-07-11,75,20914,167.48
2026-06-06,7,1761082,614.34
2026-07-19,27,5799,880.30
2026-03-22,16,79150,686.63
2026-03-26,59,93173,851.24
2026-06-07,38,1110316,392.65
2026-06-16,25,1132572,421.21
2026-07-22,3,1090641,810.19
2026-07-15,69,187370,1717.03
2026-04-14,40,15789,1171.91
2026-04-01,78,147979,1980.28
2026-03-30,33,1002235,2223.05
2026-04-30,33,1132010,1772.04
2026-07-30,26,6737,1458.28
2026-03-24,29,63829,2145.31
2026-05-06,12,63588,1562.31
2026-07-03,8,9657,985.85
2026-07-14,28,1641830,239.57
2026-04-16,41,165602,1821.56
2026-03-27,34,1874,739.08
2026-05-17,53,1149722,269.58
2026-07-11,44,70214,955.10
2026-07-26,51,37907,1912.84
2026-05-05,35,112417,1030.17
2026-06-07,69,1135457,2363.21
2026-04-12,52,1008355,1324.26
2026-04-18,27,120581,1949.95
2026-05-09,61,87365,2270.39
2026-04-23,26,921,2064.51
2026-06-04,43,107321,632.38
2026-05-22,19,122894,688.53
2026-03-31,81,50757,448.20
2026-06-10,45,72686,1475.29
2026-05-22,20,1132719,104.73
2026-04-27,72,1111363,1170.73
2026-07-29,9,7407,1002.81
2026-06-17,14,1108259,2343.93
2026-07-09,17,1075813,130.23
2026-05-16,80,1083213,2399.76
2026-07-21,69,1771426,585.70
2026-04-07,28,129205,1935.81
2026-03-26,59,105701,1383.46
2026-04-12,12,1035730,1048.21
2026-04-06,5,1131243,257.58
2026-05-28,43,1733898,1163.61
2026-03-27,86,20860,278.04
2026-03-03,72,158798,955.73
2026-04-30,56,1097876,407.69
2026-07-03,63,1659407,1050.21
2026-07-11,39,19466,1068.29
2026-05-08,13,1643699,1891.04
2026-05-29,1,48440,481.93
2026-05-15,2,1569582,1751.81
2026-06-10,17,2444,1328.58
2026-05-13,7,11941,737.77
2026-03-15,10,117703,1354.33
2026-07-03,56,63878,1387.68
2026-04-30,2,107585,333.54
2026-03-31,51,62454,1589.50
2026-06-19,74,8353,511.07
2026-07-10,38,1569291,2119.21
2026-06-25,39,4091,2200.48
2026-04-01,57,191452,1100.83
2026-07-07,68,15335,2048.33
2026-07-23,27,66997,2413.11
2026-05-17,33,1169767,1380.00
2026-03-04,74,66682,1738.95
2026-06-21,68,97168,646.38
2026-04-19,51,60781,948.36
2026-03-13,37,9175,2163.96
2026-03-04,81,1110706,2321.25
2026-04-24,61,142001,1693.33
2026-04-07,82,106932,629.67
2026-03-26,52,1147158,1290.76
2026-04-16,40,1000137,1243.67
2026-07-11,73,4975,966.62
2026-05-21,42,49702,182.24
2026-06-28,54,17184,322.45
2026-07-16,26,15980,731.92
2026-05-04,9,15653,263.68
2026-04-02,49,10227,1543.21
2026-07-16,57,6008,226.56
2026-06-06,32,21989,963.96
2026-05-21,86,91005,2035.05
2026-05-21,48,8960,500.47
2026-05-29,71,1150708,945.69
2026-04-22,13,9854,2218.20
2026-03-17,21,125503,1174.07
2026-05-26,65,6166,484.91
2026-07-03,58,1608165,2170.03
2026-04-02,3,1627096,169.83
2026-04-24,29,1011657,272.57
2026-05-05,84,82252,924.51
2026-04-26,55,1088844,1988.43
2026-07-17,79,1167925,630.31
2026-05-27,31,15710,1978.93
2026-05-24,47,187479,1624.29
2026-07-20,44,1110064,1546.55
2026-06-10,21,86583,1494.29
2026-03-30,15,1664550,1701.25
2026-04-01,43,43337,1175.26
2026-05-10,61,199086,369.95
2026-06-24,52,9143,1134.43
2026-04-04,27,1787193,1146.98
2026-07-16,19,110323,638.92
2026-07-12,63,1646547,503.17
2026-03-06,62,193885,1056.26
2026-04-01,81,1126882,1590.77
2026-07-09,71,18478,1118.50
2026-06-29,24,1150617,2206.91
2026-04-09,26,1068104,817.54
2026-03-10,76,18422,1443.44
2026-07-21,5,8912,319.34
2026-06-21,24,14883,833.25
2026-04-01,71,106905,2380.67
2026-07-05,38,11032,1007.08
2026-06-24,37,13093,751.18
2026-05-27,45,1770872,1613.09
2026-03-11,34,1055930,953.45
2026-04-19,60,1101204,2248.65
2026-03-25,22,20497,2282.34
2026-04-08,1,59356,1727.49
2026-06-10,15,142270,1418.10
2026-04-02,61,8406,1295.74
2026-07-02,43,17377,739.19
2026-07-21,58,1595923,1960.16
2026-06-09,19,1640733,1708.27
2026-06-28,51,197645,2477.44
2026-03-25,40,1806498,2367.74
2026-03-04,52,142263,533.51
2026-07-06,29,189365,1470.19
2026-06-30,58,1155291,1632.75
2026-05-30,37,1744989,2281.39
2026-05-30,41,63797,1037.03
2026-04-21,32,65773,1783.95
2026-07-29,47,107809,1487.35
2026-03-02,58,10122,809.60
2026-04-19,7,22097,2015.08
2026-07-28,50,1094441,242.04
2026-07-22,16,1838616,1433.25
2026-06-25,52,1779164,923.34
2026-07-01,54,48203,224.82
2026-03-25,78,1607372,343.19
2026-03-09,52,107812,950.50
2026-05-15,7,1702299,1643.47
2026-03-11,80,1577954,1328.86
2026-07-27,13,3240,2299.22
2026-06-22,40,1136437,182.78
2026-05-25,27,1797975,1630.21
2026-04-13,51,1132823,2484.52
2026-06-29,14,1158237,1749.75
2026-06-20,37,8959,1556.13
2026-04-21,5,76227,1059.18
2026-05-17,47,107743,1133.01
2026-03-04,15,1169767,1809.70
2026-03-18,57,6903,612.53
2026-03-27,5,1690048,2286.83
2026-06-29,71,1800217,1008.86
2026-03-17,84,1570678,306.47
2026-05-29,8,13279,1942.74
2026-07-26,21,18876,700.07
2026-06-04,68,86609,2010.66
2026-03-22,8,2226,186.04
2026-03-09,79,83950,1892.21
2026-07-02,23,163391,936.30
2026-03-19,26,157956,989.41
2026-07-05,26,1121474,2085.67
2026-04-06,48,1644264,1338.73
2026-06-06,84,1814686,1645.94
2026-05-24,36,1604096,324.56
2026-04-08,56,84662,539.93
2026-07-01,9,2028,609.35
2026-03-25,14,168302,1353.12
2026-07-30,46,54947,1227.28
2026-04-16,38,1625374,1992.57
2026-05-21,62,5485,533.35
2026-06-24,54,9933,655.37
2026-04-30,65,3254,333.97
2026-04-24,72,1004894,2003.10
2026-04-22,52,133020,479.11
2026-06-02,48,19076,405.06
2026-05-19,70,12442,517.73
2026-05-10,83,4432,560.58
2026-07-09,7,153562,2179.26
2026-06-29,6,11313,1132.15
2026-07-03,63,5515,566.37
2026-04-28,21,1039856,394.42
2026-04-27,23,18707,1919.38
2026-03-30,63,6008,1419.20
2026-05-16,17,129571,1117.43
2026-03-09,52,1817948,1410.18
2026-05-10,50,12615,1757.81
2026-05-12,51,7005,2017.79
2026-07-24,68,68888,2491.98
2026-07-29,79,1600611,2322.12
2026-07-03,53,66638,559.90
2026-03-09,34,1129407,378.52
2026-04-06,9,1647218,1132.21
2026-05-08,43,1144177,2128.30
2026-06-30,37,10863,556.41
2026-06-01,75,107856,1489.02
2026-03-03,47,1159578,559.82
2026-04-25,85,66519,698.80
2026-04-09,67,195952,212.87
2026-06-20,37,11723,1227.52
2026-04-26,77,1089159,2111.69
2026-06-13,74,38398,289.42
2026-03-17,76,1092179,1728.56
2026-06-06,84,5062,1806.01
2026-03-10,5,129248,1357.96
2026-07-20,16,1063544,1317.03
2026-07-08,76,105281,2218.53
2026-07-13,16,7707,2398.79
2026-04-26,66,20227,2480.44
2026-03-05,69,79218,1105.46
2026-06-11,46,1808967,641.90
2026-07-27,60,1648697,423.56
2026-05-06,72,1565209,657.74
2026-04-18,72,1718741,136.00
2026-03-26,73,1130849,147.77
2026-03-19,65,1109889,1133.86
2026-03-29,49,12194,2347.42
2026-06-01,63,1080834,1043.41
2026-07-17,30,1079109,1504.05
2026-06-12,16,1838331,1697.56
2026-05-04,23,66849,351.61
2026-07-12,67,84805,1499.08
2026-07-13,45,6238,1816.54
2026-05-07,78,1094208,2372.26
2026-06-15,46,185423,1822.50
2026-07-08,63,111105,392.98
2026-06-07,28,10913,960.16
2026-07-11,14,121286,254.71
2026-07-13,56,1569285,1298.09
2026-06-16,62,190633,2160.14
2026-06-10,81,65796,1996.66
2026-03-23,11,1116362,1865.69
2026-07-12,35,15810,1827.95
2026-07-20,73,156075,1250.48
2026-05-19,82,1001012,348.56
2026-03-08,11,1014868,1526.76
2026-07-07,17,174583,734.13
2026-06-29,56,141036,1225.98
2026-04-01,15,63792,161.05
2026-07-26,24,110715,2489.05
2026-06-01,34,142906,641.49
2026-03-09,10,46429,2205.07
2026-04-03,84,1165757,2473.89
2026-03-30,81,1063544,2328.09
2026-07-01,48,87365,2361.00
2026-05-18,38,1006725,677.40
2026-07-22,79,80245,1954.01
2026-05-11,14,17289,1310.00
2026-03-15,17,1100465,1388.36
2026-04-01,76,13040,1558.42
2026-06-10,48,1794583,389.85
2026-03-29,77,65861,946.49
2026-03-11,35,1132271,1443.47
2026-06-26,2,18487,330.35
2026-07-29,30,122492,1714.07
2026-06-16,58,80168,1488.70
2026-03-29,11,10402,125.82
2026-07-04,60,107690,1272.48
2026-03-10,17,1594613,2294.56
2026-07-10,45,104326,828.01
2026-04-26,84,1001425,1912.08
2026-03-06,27,9838,1991.46
2026-04-11,46,107793,1126.08
2026-05-18,51,883,1795.52
2026-03-22,68,1617742,144.63
2026-03-30,58,65861,2479.31
2026-06-25,50,13983,2194.89
2026-07-08,34,98583,1143.17
2026-05-05,69,90678,369.17
2026-07-12,8,1132540,1695.83
2026-03-16,65,90267,1856.67
2026-06-07,36,10780,1579.26
2026-05-13,73,1569861,630.89
2026-06-30,29,129890,745.71
2026-07-18,28,1819232,2421.64
2026-05-30,13,190229,1685.83
2026-05-23,82,1642862,595.22
2026-04-29,83,1136634,2262.53
2026-07-12,28,107682,1763.54
2026-07-09,47,143802,2412.01
2026-05-17,65,1808491,2243.21
2026-03-18,77,1011632,2044.34
2026-06-04,37,187370,1619.21
2026-07-23,51,1771083,2147.38
2026-06-13,8,152954,1846.33
2026-06-13,36,11344,475.55
2026-03-07,49,83303,292.30
2026-07-28,71,22172,2284.79
2026-05-31,67,158090,807.71
2026-05-07,65,157956,211.32
2026-07-24,28,1777197,1399.48
2026-04-10,75,1069957,2168.49
2026-03-07,73,76207,745.03
2026-03-22,25,149146,1966.95
2026-06-15,26,1001422,2020.45
2026-03-06,54,1767536,2230.76
2026-05-12,72,176330,1506.74
2026-04-04,37,1109905,2361.35
2026-06-28,7,5377,1064.26
2026-05-14,7,1587528,1268.44
2026-06-11,73,6922,2125.49
2026-07-12,80,185069,936.08
2026-05-03,24,107480,591.11
2026-03-17,85,18336,496.78
2026-06-07,31,1167329,823.00
2026-04-12,54,76261,1553.98
2026-03-04,5,1588651,1961.26
2026-04-18,56,78415,206.86
2026-05-26,12,65662,897.42
2026-07-15,50,1588636,1630.64
2026-03-06,52,1603478,397.83
2026-03-05,70,1671700,598.61
2026-06-18,55,1010078,474.04
2026-07-04,50,21422,792.95
2026-06-13,54,1170384,1023.57
2026-07-19,78,117691,952.25
2026-06-06,35,87902,268.69
2026-04-02,17,11304,2147.43
2026-04-03,66,1006083,2352.35
2026-07-20,68,199058,501.03
2026-07-19,49,15475,2079.07
2026-04-26,25,10532,1124.62
2026-04-03,66,65585,196.40
2026-03-23,71,53012,1258.62
2026-06-09,83,1136121,878.60
2026-03-10,34,3948,194.49
2026-04-29,33,22827,221.85
2026-07-14,49,104700,943.89
2026-04-14,34,1086402,290.80
2026-04-03,45,139717,1676.60
2026-03-19,69,1127613,1502.46
2026-07-16,30,509,1656.85
2026-05-12,85,138689,1508.75
2026-05-20,35,66953,2118.17
2026-06-09,27,12343,1243.80
2026-05-07,63,22171,1563.59
2026-04-21,50,49614,146.13
2026-07-14,47,1650723,726.21
2026-04-24,2,1136890,556.97
2026-05-11,80,21231,1764.36
2026-06-12,4,19076,365.47
2026-03-20,67,1594259,2034.67
2026-04-25,2,1578667,2434.98
2026-07-09,78,139717,566.81
2026-03-14,64,130835,101.10
2026-07-27,5,76708,2286.20
2026-07-01,44,1603361,399.34
2026-04-05,84,1670259,1675.20
2026-05-26,42,64921,110.99
2026-05-13,34,115717,172.21
2026-03-05,33,44773,1290.40
2026-06-29,11,129205,517.93
2026-04-06,15,80585,905.83
2026-06-13,17,1082491,901.57
2026-05-16,80,3205,1240.46
2026-03-12,54,1149722,105.78
2026-07-05,25,9839,1344.91
2026-06-08,71,1014914,1470.00
2026-03-12,14,5879,2457.44
2026-05-20,2,1014539,1136.45
2026-05-08,13,190060,1492.15
2026-04-01,82,1088596,751.35
2026-04-13,45,56995,1814.73
2026-03-31,34,1102770,426.66
2026-04-15,17,134064,2297.27
2026-06-14,11,12323,404.33
2026-07-26,42,1077582,1862.21
2026-04-29,61,63829,1217.88
2026-05-06,41,1710925,1775.01
2026-04-23,2,97522,2085.85
2026-04-04,84,2863,1418.20
2026-04-27,59,48440,2402.31
2026-03-13,39,1794581,1735.89
2026-03-27,73,12971,673.08
2026-06-14,64,1172923,1748.05
2026-06-19,13,106549,2220.64
2026-05-29,13,19825,2418.21
2026-06-18,86,7027,189.15
2026-07-03,25,100170,217.19
2026-05-08,68,12617,338.08
2026-05-31,66,46504,455.10
2026-03-02,7,1575861,1447.28
2026-07-19,8,65730,1918.85
2026-06-16,2,1156847,2178.67
2026-05-10,83,1109704,756.55
2026-03-30,59,6112,1105.76
2026-05-01,38,148956,505.38
2026-03-20,74,160757,1355.39
2026-03-28,24,1636849,1392.77
2026-06-24,85,81145,1134.34
2026-06-09,80,1760053,529.34
2026-03-12,74,1155887,1920.03
2026-05-04,85,1701912,1511.65
2026-06-18,17,135915,317.28
2026-05-05,7,1616597,511.29
2026-06-05,63,149566,994.54
2026-07-01,20,13983,1314.46
2026-07-11,25,1068102,252.07
2026-05-09,45,78113,781.24
2026-05-20,84,5351,2241.70
2026-06-06,13,1659050,961.34
2026-04-28,71,156087,2170.26
2026-03-04,27,1125253,1068.86
2026-04-26,78,2410,1176.91
2026-06-12,83,194046,2376.18
2026-03-05,31,111040,328.59
2026-05-24,40,5712,1180.17
2026-03-11,73,1006484,809.36
2026-03-19,48,1109353,2324.94
2026-07-05,37,161255,211.48
2026-03-18,29,148732,169.47
2026-04-07,30,1662,2130.58
2026-07-29,67,11781,1213.12
2026-07-24,21,1724444,1849.93
2026-05-08,19,1646541,1633.70
2026-04-11,28,9899,2375.64
2026-04-24,20,156981,1641.56
2026-03-19,59,1654554,468.97
2026-06-24,50,63749,1434.37
2026-05-07,64,13914,1087.77
2026-05-28,64,1663885,1104.61
2026-04-16,41,47719,1392.41
2026-04-17,7,63778,2199.61
2026-05-12,39,7291,302.69
2026-07-27,73,1797975,1526.03
2026-06-26,47,47067,1411.16
2026-03-21,76,1079556,2362.15
2026-05-03,80,63803,2284.90
2026-07-12,46,1082924,366.08
2026-05-19,21,1174058,300.46
2026-06-01,46,1695791,1877.94
2026-05-30,22,14185,958.02
2026-06-06,33,5902,1206.26
2026-07-14,38,146155,1784.63
2026-07-20,41,1113680,1361.15
2026-04-15,50,196650,1666.85
2026-07-04,25,12617,1829.75
2026-03-24,15,10146,909.89
2026-03-26,77,1094441,250.13
2026-05-04,78,49399,107.75
2026-07-29,74,1002235,601.62
2026-03-17,50,18811,460.79
2026-07-19,35,1088156,1284.36
2026-07-24,46,72195,1260.65
2026-04-28,56,122002,1984.01
2026-07-17,67,77703,1767.64
2026-06-07,35,1148500,763.10
2026-07-02,43,21989,1804.24
2026-04-11,20,148537,225.13
2026-03-19,33,5039,1212.74
2026-07-17,83,142270,1275.81
2026-03-17,60,86966,1184.35
2026-03-06,76,1003767,1996.91
2026-07-20,51,112922,333.94
2026-04-29,16,1743082,1774.45
2026-05-21,31,16498,1501.08
2026-07-12,11,127107,1815.52
2026-07-01,35,8176,628.90
2026-06-29,30,1085595,1700.97
2026-05-28,47,8939,2481.76
2026-03-21,75,9289,211.00
2026-04-18,77,10994,2043.39
2026-06-29,77,1095872,1089.02
2026-07-11,21,7906,2497.45
2026-05-05,41,66202,132.56
2026-05-05,11,1767536,1042.94
2026-04-07,74,115314,776.86
2026-04-10,87,5039,2315.03
2026-06-25,29,6374,2059.53
2026-06-01,74,1646575,2479.47
2026-03-25,58,1161386,1602.02
2026-04-19,52,6451,1016.62
2026-03-27,23,122213,1804.91
2026-05-18,45,71637,981.02
2026-03-19,59,124924,1235.03
2026-07-17,12,41421,951.63
2026-06-06,65,911,2110.22
2026-07-06,2,1626502,1307.94
2026-07-19,29,18813,1929.98
2026-04-17,85,1126873,415.86
2026-03-21,50,85358,1391.80
2026-06-04,16,5655,174.26
2026-06-27,5,5002,1856.97
2026-04-28,25,1808958,2189.92
2026-06-23,80,104578,582.55
2026-04-17,48,1788083,623.41
2026-05-05,53,1020968,414.18
2026-07-13,16,1595827,317.94
2026-07-28,44,189619,1348.17
2026-07-13,59,7049,436.22
2026-06-28,47,71676,2033.36
2026-03-13,62,168451,1403.80
2026-04-20,64,4587,2453.74
2026-07-07,23,1113680,1172.03
2026-04-27,69,193885,1779.20
2026-07-20,56,9260,2134.49
2026-04-28,15,107196,2432.52
2026-06-30,54,48438,1033.92
2026-03-19,33,165245,535.92
2026-03-01,22,4940,256.75
2026-05-25,61,21555,1483.41
2026-07-19,37,117411,1126.90
2026-06-02,39,1135289,2040.26
2026-03-01,79,14173,112.88
2026-07-27,16,112000,224.46
2026-05-12,77,1084783,1679.94
2026-03-26,87,148697,748.89
2026-04-18,80,3312,1254.46
2026-04-29,65,176020,1705.18
2026-03-20,33,99770,2007.29
2026-05-14,29,1811510,1268.71
2026-03-10,6,1000602,999.44
2026-05-10,62,5300,2407.23
2026-05-31,46,48438,388.79
2026-07-13,20,67070,1029.22
2026-07-28,28,1034445,1983.35
2026-07-04,28,65947,963.60
2026-03-13,75,66382,2324.61
2026-07-15,51,1578667,1717.09
2026-03-29,58,100751,2212.32
2026-03-30,14,108005,467.69
2026-07-01,59,1080322,872.58
2026-03-30,17,1003672,496.54
2026-04-21,21,10076,2414.01
2026-06-06,13,1568863,312.33
2026-04-22,53,7684,1854.24
2026-03-18,21,637,457.71
2026-07-08,2,147349,2369.78
2026-06-26,44,5748,1557.35
2026-05-31,54,1170789,432.25
2026-07-21,39,1588651,842.62
2026-07-16,43,63771,1973.26
2026-05-02,86,3175,1367.18
2026-05-15,78,1101255,676.45
2026-04-03,77,6391,1595.87
2026-05-29,24,1059877,2291.04
2026-07-10,68,1131616,2479.17
2026-07-02,30,126711,1974.67
2026-05-28,53,135207,1895.85
2026-06-28,75,1662317,567.74
2026-07-16,81,1594967,2277.82
2026-07-11,28,1170060,192.95
2026-06-03,26,1154886,156.59
2026-05-07,87,157276,715.10
2026-07-18,28,1137969,446.52
2026-04-22,4,1761188,458.86
2026-05-02,15,10797,1076.60
2026-07-08,23,1122136,1484.22
2026-07-06,28,107428,976.06
2026-07-20,85,70313,1159.86
2026-05-25,34,15271,468.75
2026-05-23,22,1094168,897.62
2026-05-01,66,63364,449.91
2026-04-28,70,44342,2173.55
2026-06-19,57,8886,347.47
2026-03-07,50,8091,2077.29
2026-03-05,7,40456,321.05
2026-06-19,32,38840,760.53
2026-06-25,7,11555,1557.05
2026-06-04,87,135915,933.96
2026-03-03,30,1629212,1635.76
2026-04-24,56,1111737,208.30
2026-07-25,2,6683,811.90
2026-05-06,83,20305,1474.90
2026-03-16,75,1107028,1328.72
2026-03-19,17,65802,1821.43
2026-05-23,78,1173908,626.77
2026-05-10,67,1151525,2387.78
2026-04-02,17,1006390,266.46
2026-03-26,4,1002223,1130.91
2026-07-15,1,1747088,1773.32
2026-03-21,10,95386,653.56
2026-04-15,76,7223,594.28
2026-05-12,44,103351,1378.61
2026-03-27,17,158868,1079.29
2026-04-18,35,72430,2340.85
2026-07-19,43,9175,1069.57
2026-05-08,47,120178,114.75
2026-04-08,27,20592,1615.66
2026-05-22,87,156522,701.27
2026-05-07,60,4759,1293.33
2026-06-27,46,18792,307.74
2026-06-23,21,1776446,218.67
2026-07-27,6,63836,169.79
2026-04-15,31,4848,2021.51
2026-06-14,37,156979,1065.63
2026-07-28,33,107412,799.33
2026-04-06,48,196656,1931.42
2026-05-04,51,1073095,1662.83
2026-04-11,20,8255,102.55
2026-05-12,49,7090,2435.46
2026-04-20,64,125503,2248.46
2026-05-11,77,1071511,2400.59
2026-07-11,8,1874,2035.59
2026-06-11,36,10843,1157.78
2026-07-21,77,2095,1673.53
2026-04-23,25,63792,1448.79
2026-06-04,46,86767,2008.35
2026-04-08,82,17979,1835.24
2026-03-31,9,1006482,288.58
2026-05-16,24,1089175,1918.65
2026-07-05,3,11278,1008.38
2026-06-10,49,192637,979.78
2026-06-29,78,15972,423.89
2026-05-30,4,151943,679.29
2026-03-06,67,12160,636.71
2026-03-22,19,55413,1949.01
2026-04-16,70,66502,421.77
2026-03-22,31,1812856,789.66
2026-03-12,61,74720,641.25
2026-07-21,80,6742,2023.02
2026-04-12,22,8398,570.16
2026-04-04,51,65607,2468.49
2026-06-23,59,1175911,1253.01
2026-07-14,54,71204,1954.32
2026-03-12,44,12952,2273.29
2026-06-25,14,18457,1625.87
2026-03-22,57,1080986,1617.14
2026-05-03,27,71789,2102.96
2026-04-29,43,1708624,1878.65
2026-04-06,86,5611,1730.52
2026-04-27,33,6236,852.98
2026-07-12,35,19636,1638.03
2026-03-27,81,1103897,1009.59
2026-05-07,32,10419,1463.13
2026-05-05,45,14905,1284.18
2026-04-23,48,1734585,267.19
2026-04-21,74,1114659,148.49
2026-05-10,85,151634,460.53
2026-07-08,5,4663,789.39
2026-05-10,74,67182,1200.31
2026-07-27,54,70939,1510.41
2026-04-01,70,7063,302.59
2026-05-23,81,1569679,162.12
2026-06-12,47,65267,1945.45
2026-06-22,39,125754,1921.79
2026-07-09,13,20755,378.28
2026-04-07,14,174663,240.21
2026-06-02,53,5652,1459.26
2026-04-23,23,66682,240.30
2026-04-25,77,2349,2161.30
2026-05-23,66,1001423,932.29
2026-06-28,81,8640,1144.13
2026-03-06,4,1132270,2271.63
2026-06-30,37,1737977,1643.39
2026-05-02,12,1088204,1381.51
2026-04-29,52,1094426,1566.64
2026-04-24,23,1122885,1719.33
2026-03-25,43,48408,326.70
2026-04-23,51,1001424,2467.19
2026-06-29,13,125584,1028.56
2026-06-22,69,86377,2371.19
2026-03-15,10,8483,2001.65
2026-04-01,57,18272,1461.74
2026-04-18,38,1114695,948.22
2026-07-19,40,12194,855.97
2026-04-30,15,66849,459.96
2026-07-06,62,194046,2088.26
2026-05-19,28,192517,1033.76
2026-07-24,67,1710,2435.48
2026-04-23,13,80245,1929.86
2026-07-09,80,31768,831.56
2026-06-04,38,6608,1940.21
2026-03-12,23,2863,1367.48
2026-07-08,85,1040053,882.79
2026-05-23,20,1133462,2008.49
2026-06-09,60,55413,840.56
2026-05-15,22,4599,2230.19
2026-05-06,78,1071432,1274.09
2026-06-27,19,124237,2394.98
2026-04-27,74,4169,741.27
2026-06-01,44,1690023,2001.59
2026-05-07,36,6444,1036.80
2026-07-25,62,1129844,1175.54
2026-03-23,12,1167590,962.87
2026-04-22,7,1165241,2119.47
2026-05-15,59,4790,1489.00
2026-05-07,68,1647113,1007.87
2026-07-28,76,66654,2082.56
2026-07-08,27,1079307,100.50
2026-06-23,21,63567,1607.46
2026-03-20,28,66100,1171.70
2026-05-22,35,63578,1126.25
2026-07-16,29,1743247,728.28
2026-06-26,20,159168,181.97
2026-05-22,47,1804587,918.76
2026-03-07,86,63588,2282.86
2026-04-10,13,1137277,466.05
2026-06-07,33,22758,2121.53
2026-04-09,57,18364,1314.59
2026-06-10,25,159676,940.06
2026-04-19,5,1574920,869.46
2026-07-03,78,140651,130.49
2026-07-21,38,65694,211.25
2026-05-31,82,49527,869.40
2026-07-16,74,1790216,2480.34
2026-07-03,39,148701,318.20
2026-04-11,76,5967,336.56
2026-04-02,43,1627096,1191.23
2026-04-14,58,190633,511.48
2026-05-08,50,1126882,2421.14
2026-05-03,30,1631988,1382.28
2026-05-12,7,107326,1036.27
2026-04-10,17,11252,1414.80
2026-03-21,29,1170730,466.49
2026-07-09,57,9080,1148.19
2026-07-29,61,63731,1492.95
2026-05-04,2,1148316,423.66
2026-07-12,73,1119670,1624.26
2026-04-14,72,116876,2370.64
2026-05-16,62,3764,1777.23
2026-06-15,48,1094441,1419.71
2026-05-24,51,107402,583.61
2026-06-08,22,1109101,1765.28
2026-06-14,60,157950,928.49
2026-06-27,25,107829,1120.99
2026-04-22,49,59234,917.53
2026-04-06,48,7085,1964.69
2026-05-24,7,107770,1723.29
2026-03-30,33,7050,821.41
2026-05-26,83,100895,754.77
2026-03-03,29,1072197,1403.59
2026-04-16,4,63899,1874.23
2026-05-27,85,107904,328.73
2026-03-05,2,12606,118.51
2026-06-26,74,159485,1207.78
2026-03-29,76,107825,425.05
2026-04-06,51,9933,1294.33
2026-04-06,21,194144,1954.64
2026-03-24,8,63617,2372.39
2026-06-29,33,124282,1436.26
2026-03-11,15,42621,676.61
2026-06-16,70,1576772,1563.18
2026-03-31,48,130794,1619.02
2026-03-21,12,63622,402.07
2026-03-15,25,63853,2273.93
2026-06-24,83,95346,289.99
2026-04-21,83,63553,1988.52
2026-07-24,75,1755297,1439.88
2026-05-09,84,1114695,1949.14
2026-06-23,3,142263,1255.57
2026-05-28,24,18478,633.54
2026-04-06,5,188377,1709.32
2026-05-05,52,18475,1199.56
2026-06-07,78,113150,1233.51
2026-04-20,46,107388,2130.38
2026-05-14,78,63803,811.93
2026-05-02,22,5335,1856.66
2026-04-04,7,109730,1825.86
2026-03-18,53,4647,987.02
2026-03-05,19,1159284,1091.98
2026-04-02,61,1794537,1257.58
2026-03-14,71,89436,1017.13
2026-03-11,30,67144,156.21
2026-06-17,25,63381,2000.90
2026-03-11,46,1137419,1062.19
2026-03-18,52,132606,285.93
2026-03-14,41,1603464,853.52
2026-04-09,75,1714,1291.61
2026-06-18,37,63663,1224.47
2026-05-19,27,1132287,478.86
2026-07-01,48,141743,2352.15
2026-03-03,56,19223,454.17
2026-07-21,71,1759627,2210.73
2026-05-19,20,66519,302.44
2026-05-29,49,1174673,1091.79
2026-05-28,74,1662226,1140.66
2026-03-13,49,63528,666.74
2026-06-07,18,17003,1759.33
2026-03-05,35,110673,2098.54
2026-06-29,9,114664,1178.29
2026-06-23,85,1633919,1261.54
2026-04-13,69,8067,1629.58
2026-03-30,46,56940,926.47
2026-03-29,77,1660617,2176.10
2026-04-18,71,161255,1172.96
2026-07-26,39,4128,741.66
2026-04-06,76,61785,2187.26
2026-05-26,57,1128421,116.67
2026-06-20,35,6144,126.19
2026-07-15,6,3477,1231.52
2026-04-29,17,7005,1731.84
2026-05-07,76,1127268,364.49
2026-05-22,53,97048,855.92
2026-06-16,59,1152771,2430.81
2026-04-10,86,56847,2353.01
2026-04-28,15,1004817,2337.52
2026-04-22,32,14954,2247.20
2026-04-06,53,7731,2438.61
2026-05-17,76,4949,1315.79
2026-03-06,59,14305,400.68
2026-03-12,65,106240,365.78
2026-07-19,76,140989,170.67
2026-05-15,80,141036,462.25
2026-04-28,12,40919,762.30
2026-06-24,34,167081,1008.24
2026-06-22,56,1172780,1617.44
2026-03-02,84,1105541,515.97
2026-07-19,56,1087894,1497.08
2026-07-23,26,4775,1971.70
2026-04-02,83,1770872,1983.54
2026-04-18,14,181122,1032.58
2026-05-23,38,1605990,2017.65
2026-05-22,55,1164263,1540.63
2026-04-02,57,58346,1423.96
2026-04-29,53,66780,1833.57
2026-05-12,40,6320,870.68
2026-07-22,80,62332,1766.99
2026-05-02,9,1749408,2115.65
2026-03-16,40,63771,1258.50
2026-07-12,8,104077,286.06
2026-07-26,25,15062,2099.53
2026-07-10,31,1735378,1606.11
2026-04-01,60,16745,595.10
2026-07-03,18,1586888,1110.62
2026-03-29,23,1578667,1419.55
2026-06-22,86,1704534,147.07
2026-04-25,20,49740,167.85
2026-03-31,14,90122,530.34
2026-04-09,59,8283,431.18
2026-04-21,1,19825,348.97
2026-03-15,66,19673,103.21
2026-06-18,79,87258,435.88
2026-04-21,47,1180503,687.18
2026-04-24,16,114613,2261.26
2026-05-05,84,1683551,1658.20
2026-05-06,36,61915,631.32
2026-04-17,37,18340,848.34
2026-07-10,64,107850,1445.69
2026-05-14,46,163186,1879.42
2026-06-12,66,1039589,247.41
2026-04-09,2,4612,264.98
2026-06-20,46,77513,1808.12
2026-04-16,43,1168864,1909.58
2026-05-22,35,179633,1577.31
2026-04-17,27,1569761,2452.17
2026-07-16,83,71935,1956.65
2026-05-12,57,14905,224.09
2026-07-20,59,509,2010.28
2026-06-06,71,561,950.80
2026-04-10,48,1066128,1893.81
2026-03-28,38,63617,1870.49
2026-07-18,6,18318,838.61
2026-05-17,24,59509,2030.80
2026-04-11,75,1125371,942.97
2026-05-28,48,1059877,133.38
2026-04-15,77,16320,2175.59
2026-05-05,4,1783209,2279.13
2026-04-17,34,22008,1884.60
2026-04-25,86,154072,1764.69
2026-04-09,37,1172780,632.80
2026-07-04,75,45768,917.31
2026-04-06,13,8017,403.09
2026-04-03,12,18947,2339.14
2026-05-20,38,1129581,1086.08
2026-06-05,33,3823,1429.55
2026-05-14,16,5082,2415.48
2026-07-16,60,5349,773.54
2026-03-12,77,107778,754.45
2026-03-26,82,1636521,1460.02
2026-04-10,74,1790216,2347.38
2026-05-13,11,1572785,566.56
2026-06-29,69,38874,458.96
2026-07-09,23,113004,1891.76
2026-05-07,59,4954,1210.54
2026-04-26,21,119153,1340.44
2026-05-02,52,68690,1439.31
2026-07-27,43,1797975,1196.41
2026-03-08,48,132203,519.00
2026-04-19,58,128249,1702.48
2026-06-08,17,4274,449.70
2026-07-10,8,41243,2139.65
2026-04-21,21,1608967,1687.70
2026-05-02,39,8017,2468.87
2026-07-17,24,1133462,2034.30
2026-05-07,70,1148281,1989.22
2026-04-18,54,185059,1401.84
2026-05-28,34,160134,153.24
2026-06-25,54,3764,890.62
2026-07-21,34,1038087,185.99
2026-04-26,46,15475,1369.19
2026-07-27,76,92079,1060.30
2026-03-04,45,13655,809.62
2026-03-12,6,1790916,616.18
2026-03-06,51,3368,836.91
2026-05-02,54,1626761,642.65
2026-03-02,18,11941,533.20
2026-03-04,29,1603568,698.30
2026-03-02,20,9289,1467.90
2026-03-29,9,1775089,2036.43
2026-04-05,1,41840,478.47
2026-03-21,50,1617845,1413.90
2026-05-10,25,1786911,1805.12
2026-04-12,39,176243,362.72
2026-06-12,33,1004386,765.79
2026-04-14,18,1050792,1523.14
2026-07-11,48,63708,2482.54
2026-04-03,80,1144418,2374.94
2026-03-26,75,66968,2058.85
2026-04-27,41,19673,1227.03
2026-03-06,52,1137441,2428.81
2026-06-03,43,1724444,1009.12
2026-07-14,61,9575,1236.35
2026-05-10,85,519,2377.27
2026-05-13,68,1115110,1553.11
2026-07-23,68,7120,1204.03
2026-04-21,17,103351,2133.53
2026-07-09,71,8017,986.10
2026-04-21,28,1125027,298.63
2026-07-02,1,1133462,1776.14
2026-07-28,68,1770988,1868.02
2026-05-05,47,178528,886.18
2026-03-16,1,58346,2106.17
2026-05-21,71,147949,2432.15
2026-07-28,81,11093,2393.51
2026-03-24,67,117782,1863.79
2026-06-23,8,1641814,553.11
2026-07-08,15,1639298,2442.09
2026-06-10,54,15686,500.02
2026-06-19,15,65618,1293.88
2026-04-11,29,66158,2236.99
2026-03-30,48,107642,1520.68
2026-04-15,76,1960,1627.88
2026-04-09,69,1633919,1213.14
2026-07-23,63,2073,2144.67
2026-04-14,17,4901,1412.48
2026-04-14,34,1157927,1362.30
2026-05-14,27,1712611,963.10
2026-03-29,24,8538,2378.95
2026-07-16,63,16630,2355.02
2026-04-07,75,1003092,2455.30
2026-03-29,19,1589098,232.92
2026-07-23,56,171091,2313.95
2026-07-11,5,19054,1847.29
2026-07-24,33,191435,2481.09
2026-07-07,2,115654,1345.80
2026-05-18,54,1712525,1515.95
2026-03-22,17,63804,400.24
2026-06-05,19,90678,716.66
2026-07-21,61,163553,1056.69
2026-06-25,17,1111363,1228.84
2026-07-29,17,107829,2354.31
2026-05-13,13,12249,926.36
2026-06-23,47,1648698,1346.50
2026-04-24,14,4652,2357.94
2026-07-17,30,1643699,467.29
2026-03-22,39,58056,1380.93
2026-06-02,45,20253,1289.12
2026-04-20,9,2761,491.94
2026-03-09,66,22157,1347.96
2026-07-15,64,5613,1843.81
2026-04-26,74,14071,2220.92
2026-07-09,80,1126748,727.40
2026-05-16,82,117770,1847.05
2026-03-26,58,167469,1324.56
2026-05-18,79,1006484,1965.34
2026-07-11,5,1585499,2310.88
2026-05-25,54,197754,783.92
2026-04-14,79,46707,1615.40
2026-04-27,30,1663885,401.79
2026-05-29,28,1092445,812.13
2026-03-11,30,1592257,2027.23
2026-07-24,70,6902,1421.83
2026-06-25,85,115228,2254.78
2026-03-13,31,7730,2088.40
2026-06-25,63,7151,1686.97
2026-03-11,25,15474,1647.54
2026-04-02,69,1138147,318.62
2026-04-30,44,107332,2315.72
2026-04-23,41,198166,2334.73
2026-05-25,78,1170384,1522.79
2026-07-16,25,112611,1875.93
2026-03-19,19,1110139,2265.99
2026-04-12,49,194299,608.91
2026-04-25,85,1109672,361.68
2026-04-23,65,1149937,564.45
2026-03-28,81,1579143,1412.13
2026-07-27,84,80967,200.93
2026-05-20,69,197645,2428.06
2026-05-16,37,159082,2049.07
2026-06-09,67,1054089,1602.91
2026-06-08,74,18854,604.43
2026-03-27,51,40919,377.34
2026-05-30,78,124300,909.48
2026-03-02,50,1816213,1084.02
2026-03-15,22,65757,1352.10
2026-04-09,13,1131243,1515.15
2026-06-02,4,12617,435.37
2026-03-13,76,155885,2418.80
2026-03-29,79,1153834,1635.20
2026-07-26,67,10578,1504.98
2026-07-25,72,189350,1297.33
2026-07-09,24,7421,1986.11
2026-05-02,65,1024149,2134.43
2026-07-17,22,5652,1312.88
2026-04-28,48,75797,1236.34
2026-07-24,49,42241,243.18
2026-04-02,7,1163703,161.91
2026-04-11,55,175808,1946.60
2026-07-19,21,15021,2011.74
2026-04-07,63,1744275,2306.47
2026-05-28,33,6134,916.21
2026-06-30,60,107441,235.22
2026-04-01,50,1808968,2382.07
2026-06-13,29,78622,633.45
2026-06-13,36,6505,1089.26
2026-03-22,51,1767814,1185.36
2026-04-09,81,1670,1524.05
2026-07-03,62,12442,525.38
2026-04-29,10,75936,1845.75
2026-05-04,37,1574951,273.61
2026-05-01,55,118506,1040.22
2026-03-08,46,1094619,2277.45
2026-04-21,56,7592,2013.33
2026-03-11,58,1127737,537.43
2026-04-16,5,1625251,237.94
2026-03-01,32,12044,1436.08
2026-05-06,75,63629,983.51
2026-06-05,17,1038963,2171.52
2026-05-17,79,118506,2143.88
2026-06-06,7,4632,1542.20
2026-03-13,83,15686,587.27
2026-03-10,53,80142,2056.11
2026-05-22,71,10408,2322.04
2026-03-16,73,1001225,1899.74
2026-03-30,29,19343,847.41
2026-04-10,28,42983,564.59
2026-07-13,42,1133455,2498.97
2026-07-16,44,90168,602.22
2026-05-24,47,1612522,765.38
2026-04-14,83,6596,2184.20
2026-04-05,46,125584,1238.87
2026-03-13,37,1130844,252.84
2026-05-20,75,1101694,1514.94
2026-04-15,81,921,2381.02
2026-03-15,28,51885,1384.40
2026-05-12,34,1006484,2163.92
2026-07-12,74,77946,209.31
2026-06-21,24,1156902,2316.96
2026-03-23,51,1110478,1122.68
2026-05-15,61,1712191,165.96
2026-07-22,65,149528,2159.14
2026-04-11,11,1625251,1963.34
2026-07-06,44,1629580,807.51
2026-07-03,81,7156,116.65
2026-05-30,64,121595,483.16
2026-03-19,57,1006931,162.75
2026-03-18,36,1128421,1440.60
2026-05-27,74,132291,2143.70
2026-06-19,59,1696813,355.62
2026-04-15,66,1771083,443.59
2026-04-28,69,6393,888.06
2026-07-01,47,4475,1370.82
2026-06-04,7,1634590,1889.31
2026-07-17,19,1081657,402.12
2026-04-10,72,1108262,2358.46
2026-03-21,69,15492,2405.52
2026-05-21,77,137682,2087.42
2026-03-26,44,1118417,356.61
2026-05-31,34,118665,2056.88
2026-05-20,16,14173,1824.64
2026-04-02,5,1785374,379.96
2026-07-19,2,1089943,2134.98
2026-07-16,40,92333,1630.76
2026-07-17,86,136099,540.63
2026-07-25,41,137964,915.96
2026-04-15,51,44323,2323.39
2026-04-22,33,40815,1249.01
2026-07-12,30,176718,2298.64
2026-06-09,1,117490,374.15
2026-06-10,72,17468,2362.86
2026-05-30,15,1074255,298.32
2026-05-05,19,68635,1048.68
2026-06-13,13,5813,681.95
2026-05-13,62,9832,1017.28
2026-06-15,48,1605751,1026.70
2026-04-10,67,142031,783.06
2026-05-22,82,19790,1348.11
2026-04-28,56,1793677,1652.66
2026-03-09,64,181177,485.80
2026-05-20,81,137343,1359.40
2026-03-31,86,15981,133.84
2026-03-01,30,158338,1239.61
2026-07-21,67,1085574,949.54
2026-04-10,26,6134,723.82
2026-04-17,77,2483,1438.33
2026-05-12,54,119414,1064.01
2026-05-27,41,135416,2318.69
2026-05-15,69,111030,1178.31
2026-05-26,28,102011,1205.48
2026-05-31,30,68745,359.34
2026-03-20,7,12952,467.07
2026-03-22,30,103351,1332.34
2026-05-25,40,1136437,685.76
2026-04-07,37,112922,1840.40
2026-03-02,19,81819,625.57
2026-03-04,57,1662226,2466.89
2026-07-23,83,97305,613.60
2026-06-12,49,1050792,1334.76
2026-07-06,17,1614541,1459.36
2026-05-19,87,1573073,2191.17
2026-04-18,56,155167,1453.53
2026-05-18,22,731,1746.19
2026-04-01,70,1589437,423.82
2026-06-30,60,20924,942.04
2026-03-26,26,1102770,859.47
2026-03-02,2,66256,2018.98
2026-04-02,1,9881,334.75
2026-04-19,66,4157,2317.22
2026-06-27,61,49824,1204.91
2026-06-24,4,11725,868.68
2026-06-27,59,1759477,1575.57
2026-07-14,10,115223,867.20
2026-05-16,2,15474,358.17
2026-05-17,47,6707,531.57
2026-05-29,77,1119688,1042.19
2026-06-16,18,1700595,1143.47
2026-03-12,7,81051,296.98
2026-04-18,74,2046,776.05
2026-07-05,60,14973,1199.54
2026-03-09,10,1846497,1785.05
2026-04-25,67,65518,2459.91
2026-07-28,3,17027,1483.26
2026-05-22,72,105112,888.34
2026-04-14,18,199188,1789.18
2026-06-22,31,71452,823.58
2026-04-15,64,42995,360.81
2026-05-24,1,128006,535.48
2026-07-27,82,114091,683.41
2026-07-29,4,14645,798.13
2026-04-15,31,1085661,172.93
2026-07-14,61,1160949,281.74
2026-05-27,81,10148,611.59
2026-04-19,1,55104,1205.20
2026-07-04,10,8886,490.89
2026-03-04,48,49515,1098.28
2026-05-14,84,98397,148.62
2026-06-20,78,107875,1238.41
2026-06-17,1,1073223,1508.44
2026-03-11,56,163605,1153.22
2026-05-17,78,1602929,777.23
2026-04-28,50,15263,852.69
2026-06-11,10,1601371,514.93
2026-04-23,18,66572,484.30
2026-05-30,86,1089484,158.93
2026-06-22,11,135802,2285.16
2026-03-26,2,11251,348.04
2026-06-07,40,1802748,1181.04
2026-05-14,67,8039,1489.04
2026-07-20,3,10466,1003.14
2026-03-14,10,14155,528.06
2026-07-02,26,71958,1986.42
2026-06-12,25,1072292,2111.48
2026-04-06,12,155001,1264.20
2026-03-14,63,1647009,2023.32
2026-04-01,24,196665,547.97
2026-06-18,1,15786,354.45
2026-04-11,19,11237,141.99
2026-04-04,57,1154327,268.51
2026-07-25,46,18490,1225.29
2026-07-23,70,148679,1777.77
2026-07-23,43,1091148,888.17
2026-04-06,8,47050,2406.22
2026-04-30,19,1004930,1197.54
2026-04-14,80,1090234,1920.87
2026-05-12,61,116477,641.21
2026-06-18,75,82780,214.14
2026-05-25,21,13471,419.66
2026-06-07,78,6737,1794.56
2026-05-03,79,8007,835.38
2026-03-27,22,1110295,735.04
2026-03-25,37,1068105,856.18
2026-03-27,20,1652919,1646.87
2026-06-20,2,1136437,679.07
2026-06-23,4,1574937,2029.06
2026-03-16,77,1702709,2114.09
2026-06-22,63,63622,543.85
2026-07-04,63,1138851,1673.83
2026-07-25,17,3193,610.41
2026-04-16,29,5472,1909.28
2026-05-30,20,1799502,1005.90
2026-03-04,84,59992,882.01
2026-06-05,44,185423,1286.85
2026-04-24,15,3304,164.03
2026-04-14,71,1790198,1944.43
2026-06-01,38,2481,1876.94
2026-03-14,60,65757,2409.08
2026-04-07,17,135290,1668.99
2026-04-25,4,1780984,1112.57
2026-07-18,73,130266,678.04
2026-06-01,34,38985,2112.78
2026-06-21,29,107346,1682.21
2026-06-16,26,72430,2427.45
2026-05-17,4,1710,656.75
2026-03-05,6,1803385,1667.37
2026-03-23,68,114568,2411.88
2026-05-22,8,135915,374.78
2026-04-16,71,508,365.77
2026-03-11,73,141007,1013.31
2026-03-29,75,7421,164.51
2026-04-08,11,116132,1102.21
2026-05-30,18,1828617,423.54
2026-05-28,47,1115986,1555.67
2026-05-30,21,100561,2316.97
2026-07-21,7,1098657,1156.11
2026-04-08,71,1107291,535.84
2026-07-01,43,14824,2204.57
2026-03-11,64,1772405,128.20
2026-03-18,8,42307,2415.66
2026-03-04,65,104578,1738.76
2026-06-17,4,162118,1958.43
2026-05-25,66,5197,486.78
2026-03-24,22,6089,786.22
2026-07-11,72,1769330,2234.21
2026-04-20,70,1083481,1259.55
2026-03-13,46,1718746,145.79
2026-03-28,3,138170,881.28
2026-04-04,45,66169,1514.37
2026-03-07,64,47228,938.32
2026-03-03,43,107636,2275.37
2026-04-29,16,18799,668.97
2026-04-09,34,1965,1910.43
2026-06-16,61,116265,136.97
2026-03-23,1,153045,1326.00
2026-05-17,25,137236,265.85
2026-07-11,47,1603361,537.07
2026-03-03,85,1125940,1251.69
2026-06-14,47,77134,1220.46
2026-03-08,44,190060,854.15
2026-04-29,18,1125214,569.52
2026-04-10,11,48556,1409.18
2026-04-08,70,63746,920.48
2026-04-27,51,107411,1180.25
2026-06-01,63,1097956,2291.50
2026-06-25,76,1125795,1910.22
2026-05-15,77,65581,1725.09
2026-06-09,83,113581,1248.08
2026-06-02,80,1083256,650.67
2026-04-28,62,38933,274.98
2026-04-09,1,1024358,276.33
2026-04-23,14,1088290,530.62
2026-07-25,32,119175,1638.09
2026-05-23,85,4232,1864.16
2026-06-17,8,1089484,1044.72
2026-04-01,56,1153331,1040.18
2026-04-18,45,20592,1524.24
2026-03-03,53,78751,2044.28
2026-05-07,11,14967,1481.56
2026-05-04,68,17757,2177.78
2026-05-09,5,90408,220.02
2026-05-21,39,119749,513.57
2026-06-07,3,63685,207.16
2026-04-21,50,54628,2485.44
2026-06-19,15,125973,2362.91
2026-06-07,39,175808,1756.11
2026-04-18,33,6846,1603.37
2026-04-08,77,9838,1121.88
2026-05-12,13,1106856,1638.35
2026-06-16,21,1852605,728.54
2026-05-03,78,20976,2168.08
2026-03-16,37,88509,325.32
2026-03-07,35,20337,2221.02
2026-07-09,50,1004817,1130.42
2026-03-06,79,1132271,709.42
2026-03-24,24,49637,254.50
2026-06-23,18,16391,387.79
2026-06-08,35,47045,272.46
2026-04-18,5,15795,891.48
2026-05-27,49,111007,856.96
2026-05-17,39,18853,1090.80
2026-03-22,15,1163703,748.41
2026-03-05,86,85167,998.49
2026-06-02,61,105800,2068.28
2026-07-13,52,115703,835.18
2026-07-12,16,100264,2035.99
2026-05-24,57,64007,1051.97
2026-03-13,66,65091,2192.74
2026-03-12,80,1108027,1294.20
2026-06-21,61,1643590,1039.29
2026-04-13,81,107378,284.13
2026-06-13,56,198315,2160.86
2026-04-27,30,1698444,545.57
2026-05-22,84,41621,1354.02
2026-03-02,36,3673,452.54
2026-03-22,63,1051411,2463.68
2026-04-30,33,5879,631.69
2026-05-14,5,107690,753.08
2026-04-11,29,83918,1682.09
2026-04-05,28,101037,1093.26
2026-03-22,70,175808,1051.62
2026-04-07,1,1077544,1499.54
2026-04-13,49,7291,1161.44
2026-03-05,57,1788224,804.40
2026-06-11,39,1171144,1109.52
2026-06-30,6,53726,1973.97
2026-07-25,39,179602,1892.37
2026-07-21,15,109730,1362.07
2026-06-19,12,1593028,1378.71
2026-04-20,73,99120,1167.39
2026-06-26,53,1132311,756.17
2026-04-25,67,8057,1353.32
2026-03-02,16,14072,164.03
2026-04-25,71,97706,859.53
2026-03-29,2,48865,1134.55
2026-03-29,35,63567,1570.09
2026-07-29,36,8049,896.18
2026-07-25,21,1663943,1035.25
2026-06-06,49,7319,235.65
2026-05-13,51,121286,2295.91
2026-04-07,37,1144730,2405.30
2026-03-07,18,1104939,652.16
2026-04-18,55,120034,2324.01
2026-07-14,67,11865,1255.95
2026-06-17,77,143263,1078.99
2026-06-08,5,12285,2493.78
2026-07-19,26,15928,1454.92
2026-06-02,5,107389,494.99
2026-06-17,41,1713792,920.68
2026-05-17,56,120979,1340.45
2026-03-23,70,18379,1543.55
2026-03-22,36,1594259,1531.85
2026-04-18,10,1120358,1647.87
2026-07-04,80,1006512,1969.27
2026-03-03,64,174334,1504.74
2026-07-24,83,101579,156.63
2026-03-07,3,13537,838.71
2026-03-27,25,163250,981.01
2026-04-13,75,150415,406.18
2026-03-22,49,59635,1415.32
2026-05-17,1,66950,325.66
2026-05-05,85,19678,2036.12
2026-06-25,46,15474,578.34
2026-06-03,26,65278,1228.75
2026-04-30,64,107675,1744.75
2026-03-28,8,194048,863.09
2026-03-13,14,129203,851.18
2026-04-23,48,53178,1268.30
2026-05-14,87,1601687,1111.31
2026-07-07,15,55805,1817.48
2026-03-29,87,85480,926.34
2026-03-14,66,70939,1457.76
2026-06-25,71,117351,2177.90
2026-07-02,42,107320,636.51
2026-03-25,32,122002,501.17
2026-07-23,37,65763,364.30
2026-04-13,38,83018,186.97
2026-05-14,74,20193,127.78
2026-06-26,51,107694,1754.23
2026-05-12,47,1734223,337.99
2026-07-08,54,65278,1503.49
2026-04-25,5,1104404,1570.93
2026-05-17,49,1113743,1529.46
2026-06-29,65,63647,1018.64
2026-07-23,50,114929,1076.56
2026-04-23,28,99774,1841.54
2026-06-14,83,1125463,1701.61
2026-05-28,35,1650193,1318.79
2026-07-01,22,1969,2158.48
2026-06-14,36,189350,639.84
2026-06-16,4,66673,551.64
2026-03-05,5,5073,1335.62
2026-06-01,42,7706,1122.37
2026-07-15,56,1175248,822.63
2026-03-06,22,1110139,2183.33
2026-05-12,80,128307,274.90
2026-07-16,42,1133614,2181.95
2026-04-05,38,132281,163.16
2026-06-14,60,76136,243.88
2026-05-18,50,1796320,133.33
2026-06-18,32,106498,767.65
2026-05-02,65,1160464,1119.31
2026-06-07,2,1039856,847.46
2026-03-04,53,183040,421.33
2026-07-17,32,120799,427.65
2026-06-30,58,151655,1657.15
2026-07-09,32,63532,2365.03
2026-03-07,69,1014914,255.55
2026-06-23,25,129890,1386.37
2026-03-13,57,130595,2322.72
2026-06-16,34,1091148,2285.75
2026-07-22,24,74956,180.92
2026-07-21,33,1742402,1658.18
2026-07-07,47,73342,927.14
2026-04-21,46,1829859,600.80
2026-07-24,36,147085,1375.33
2026-04-26,40,1815008,1568.24
2026-06-06,19,1659050,305.09
2026-05-14,43,1790916,1838.68
2026-06-06,13,16061,808.22
2026-04-06,36,46354,711.72
2026-04-17,20,1641814,395.08
2026-03-10,67,1790198,1725.47
2026-06-20,77,54578,568.09
2026-06-16,84,138759,1453.00
2026-05-10,27,1075813,1292.26
2026-03-20,66,90981,372.95
2026-03-23,63,1602109,854.70
2026-05-16,51,1647528,1445.04
2026-06-13,1,3480,144.22
2026-07-30,82,97467,267.66
2026-03-29,4,4392,1916.99
2026-06-20,21,1663080,1197.33
2026-05-26,87,19343,1695.38
2026-03-21,15,116701,223.31
2026-04-24,77,63736,2106.71
2026-05-22,31,41421,878.92
2026-05-14,22,1080609,2364.84
2026-04-14,69,18466,1314.80
2026-03-11,48,12816,2039.86
2026-03-15,81,10921,1081.73
2026-04-08,12,68635,2393.39
2026-03-04,3,1092037,2436.77
2026-04-13,26,5765,621.11
2026-06-23,86,1143437,1863.77
2026-04-22,78,103149,1089.90
2026-05-27,77,1623408,1339.89
2026-07-25,76,163239,2411.64
2026-03-13,27,15671,1621.12
2026-07-12,73,1159284,1164.07
2026-07-25,81,85658,775.05
2026-03-12,29,79653,782.99
2026-06-18,45,125792,411.71
2026-03-14,78,1132823,1393.64
2026-03-21,33,172626,1474.06
2026-04-07,46,1170384,2186.51
2026-03-22,16,120979,1822.13
2026-07-06,49,1808968,1319.18
2026-05-11,65,95736,1303.51
2026-07-23,17,11454,2462.57
2026-05-15,66,100005,2413.37
2026-05-08,10,1605751,496.87
2026-03-03,12,1744520,2139.26
2026-04-05,69,154510,1833.98
2026-04-13,44,7081,958.19
2026-06-15,16,6608,2394.27
2026-07-23,5,47754,1475.94
2026-04-19,75,1733898,892.08
2026-04-14,23,1749408,642.19
2026-03-27,14,1093183,1504.85
2026-07-13,4,103618,1367.56
2026-05-10,76,1153911,1672.96
2026-03-05,80,98413,1150.60
2026-03-11,50,179235,1538.33
2026-07-20,19,195906,1266.40
2026-06-09,44,1072511,185.57
2026-03-27,28,117464,197.25
2026-06-16,64,13518,2329.33
2026-06-07,5,3588,1259.38
2026-04-19,48,1019782,364.52
2026-04-28,46,3866,837.57
2026-04-22,72,9150,2359.57
2026-04-12,10,1586283,1307.73
2026-05-13,53,11853,1895.20
2026-04-01,41,163250,2446.97
2026-06-03,47,107856,1236.20
2026-06-29,15,134125,2303.31
2026-06-25,25,11853,1176.39
2026-07-12,46,12368,390.23
2026-04-02,24,18487,1134.78
2026-06-09,69,1693111,2425.29
2026-07-19,24,108550,1177.30
2026-03-23,34,156458,501.59
2026-04-04,18,1111230,2022.64
2026-05-10,37,10204,353.83
2026-04-28,6,11141,969.11
2026-06-04,12,199258,2089.32
2026-05-04,31,168302,2076.67
2026-07-27,11,1122246,1812.37
2026-04-13,14,79864,1912.08
2026-03-25,63,109349,312.12
2026-07-18,30,113055,1468.74
2026-07-09,77,1608165,1956.12
2026-07-19,72,4663,635.68
2026-04-03,62,6972,461.65
2026-03-15,8,1709409,1400.96
2026-03-28,62,1569850,1163.04
2026-04-09,19,1105561,1916.37
2026-07-24,67,107904,503.90
2026-07-19,47,1168864,646.11
2026-05-15,12,1761206,2239.54
2026-04-29,33,57411,1128.69
2026-07-09,69,4410,2199.02
2026-06-19,7,1159578,581.57
2026-03-13,39,17044,2092.58
2026-04-01,70,4998,933.30
2026-07-04,13,199211,1869.96
2026-05-01,19,190670,1563.22
2026-06-14,16,96879,1078.18
2026-04-26,43,16943,198.85
2026-03-09,35,1437397,1593.00
2026-04-16,61,1128544,1897.91
2026-06-13,13,141633,490.00
2026-07-22,47,199775,2492.01
2026-03-28,32,1082491,840.65
2026-07-13,52,122171,1487.71
2026-07-11,2,70776,1042.62
2026-07-13,83,107529,1307.95
2026-03-30,46,1765074,2154.89
2026-06-06,29,107404,1892.46
2026-07-27,28,1167590,958.37
2026-07-29,66,148679,676.71
2026-04-16,73,107324,457.28
2026-07-05,72,160756,2301.77
2026-04-04,47,57601,1621.34
2026-06-19,72,11042,683.37
2026-07-18,61,1039589,352.72
2026-04-11,50,1569285,1776.71
2026-07-06,87,1647549,944.96
2026-07-14,59,18468,572.01
2026-03-17,22,63864,1567.16
2026-05-14,66,1075813,2136.36
2026-05-09,83,22097,1745.25
2026-07-20,18,113536,433.25
2026-06-30,2,1071432,1651.24
2026-05-26,5,1072292,2201.12
2026-03-23,81,1121505,2284.13
2026-04-11,63,1098441,850.85
2026-07-16,13,159055,1226.98
2026-05-29,19,97049,2431.59
2026-07-19,43,1115651,747.47
2026-06-16,9,1114814,1536.24
2026-07-02,63,128887,834.11
2026-05-26,61,104685,1722.16
2026-05-26,30,16502,468.75
2026-04-01,58,1118417,1916.99
2026-06-16,26,1669798,1527.00
2026-06-11,12,153277,2173.71
2026-04-30,63,10702,1365.33
2026-04-12,79,1106695,502.72
2026-06-21,6,98532,490.72
2026-07-06,86,61394,1554.88
2026-03-24,6,1568660,1683.95
2026-04-05,66,1120683,720.03
2026-07-03,49,7684,599.28
2026-07-01,85,156532,2300.96
2026-06-05,63,1116472,2200.26
2026-04-26,39,100169,874.43
2026-03-10,12,119664,852.13
2026-03-04,74,1127744,1617.70
2026-04-14,55,1733898,2201.99
2026-07-30,58,1113723,2382.44
2026-03-17,84,4941,338.44
2026-04-13,67,152138,1779.97
2026-04-04,27,1709765,1888.00
2026-03-27,43,5472,2371.94
2026-04-29,32,9804,1804.21
2026-03-05,8,1159578,1847.48
2026-06-24,51,151634,396.53
2026-05-13,44,1000044,1319.52
2026-04-28,22,1960,1880.81
2026-07-18,55,1026364,2146.15
2026-07-30,83,61932,309.70
2026-03-22,26,116477,1192.12
2026-04-29,43,1122819,309.29
2026-03-12,61,19343,2213.79
2026-06-25,55,67045,1700.37
2026-04-24,42,110301,1103.38
2026-06-19,25,75613,1519.70
2026-04-27,72,22175,2318.07
2026-06-16,32,1110064,725.30
2026-03-30,40,1125276,980.13
2026-03-23,43,1139534,1137.86
2026-03-24,36,1079106,919.38
2026-04-25,81,169374,2120.56
2026-06-23,12,5293,1327.79
2026-03-01,78,66654,1426.12
2026-04-16,44,11455,954.55
2026-06-27,2,88509,1618.32
2026-06-03,71,1577963,1360.60
2026-04-20,69,1131411,468.97
2026-04-02,41,14429,448.47
2026-06-27,56,1130844,811.16
2026-05-03,57,1710266,668.65
2026-06-18,75,1641814,2039.76
2026-05-24,66,1586987,2114.40
2026-07-23,18,1080966,552.57
2026-04-26,21,1024149,581.94
2026-05-12,67,3093,323.29
2026-04-22,75,63695,419.73
2026-06-14,36,62189,2467.75
2026-05-09,81,1585499,1104.74
2026-06-20,67,1803385,264.41
2026-04-09,1,64007,1209.85
2026-03-17,80,1671447,956.39
2026-05-01,5,21974,657.53
2026-03-24,27,65635,205.88
2026-05-02,53,1164368,1436.62
2026-04-29,1,7730,1449.29
2026-06-26,51,1583847,1877.61
2026-07-14,56,20349,623.24
2026-07-18,39,1802717,1482.65
2026-07-02,30,1089126,1001.72
2026-03-14,45,1086542,1205.89
2026-07-22,47,183040,548.92
2026-07-23,9,107767,1037.97
2026-03-12,49,1128599,946.00
2026-06-22,12,1818092,291.27
2026-06-19,42,147404,738.56
2026-07-03,28,11641,2149.08
2026-04-12,78,109349,281.17
2026-07-20,47,1600814,603.16
2026-04-12,67,45661,1892.80
2026-05-05,37,1766557,342.88
2026-05-18,42,3808,1650.66
2026-04-12,72,103378,2407.87
2026-03-02,9,110715,2271.61
2026-07-18,48,1115651,2422.79
2026-07-09,57,153759,1090.79
2026-07-27,30,137868,149.02
2026-05-17,31,190202,2234.79
2026-06-24,19,17184,751.84
2026-07-08,69,1615488,596.30
2026-04-11,29,1000950,509.98
2026-04-05,65,1001165,509.71
2026-04-15,39,107642,1767.64
2026-04-06,60,81108,357.60
2026-03-03,30,1173423,762.68
2026-04-28,46,92079,974.37
2026-04-02,36,1144418,2334.32
2026-04-08,20,104184,1752.43
2026-07-03,34,107628,825.71
2026-03-10,32,13221,936.67
2026-06-10,71,50556,824.64
2026-05-01,7,1664808,414.94
2026-03-08,1,66158,2263.71
2026-05-28,8,107675,2111.01
2026-05-06,4,55805,775.28
2026-03-20,16,1102672,871.51
2026-03-17,66,1837,733.04
2026-06-25,1,1600856,1891.38
2026-07-19,18,1586071,1462.02
2026-05-11,20,1120683,943.54
2026-03-22,66,18077,147.82
2026-05-05,13,112659,2454.52
2026-07-20,52,1569291,2029.96
2026-06-05,56,1791172,1838.85
2026-06-29,16,99659,1680.24
2026-05-21,15,194735,1909.19
2026-03-24,74,1134705,2087.56
2026-05-17,27,5652,801.31
2026-03-10,32,11224,828.34
2026-07-20,61,122492,746.55
2026-04-04,31,53416,329.01
2026-03-13,54,1002913,1205.45
2026-06-20,71,73622,241.17
2026-05-04,2,16086,2364.93
2026-03-29,87,97236,135.12
2026-05-28,68,4001,724.37
2026-06-04,43,1587073,714.89
2026-07-08,43,107424,868.19
2026-03-16,71,1764887,228.93
2026-05-25,30,135869,1870.82
2026-05-18,45,1125795,2355.20
2026-06-07,48,146746,1900.37
2026-06-02,44,1038963,193.38
2026-07-09,43,1116622,1627.84
2026-05-20,21,149889,1024.21
2026-03-15,55,99263,1264.38
2026-03-07,14,67035,1297.38
2026-05-22,62,148678,1272.79
2026-06-06,77,65857,234.02
2026-06-15,62,165237,1781.77
2026-04-07,46,107856,1487.18
2026-06-10,65,1700598,1243.04
2026-06-22,73,1758290,1131.57
2026-03-07,25,14718,673.18
2026-04-26,18,1600821,1648.81
2026-05-07,27,1712832,1064.32
2026-05-14,85,74635,212.92
2026-03-24,6,1149481,744.09
2026-03-02,3,96707,1340.52
2026-06-29,35,10466,2103.33
2026-05-23,19,21555,1556.40
2026-06-07,58,56883,1572.00
2026-03-14,36,122171,460.68
2026-06-23,33,112230,2154.86
2026-04-23,35,13583,207.82
2026-04-01,37,49406,268.79
2026-05-21,80,77368,1611.75
2026-03-31,87,6393,192.12
2026-04-06,40,147734,2319.04
2026-04-25,34,17441,2232.87
2026-06-07,32,9055,1814.18
2026-05-17,82,107516,1650.29
2026-04-15,12,1588651,1744.88
2026-03-06,34,43692,273.97
2026-04-01,67,5019,150.64
2026-04-11,29,22097,183.21
2026-05-25,50,1838444,2462.23
2026-06-10,71,1097946,2354.41
2026-06-14,80,83950,1524.67
2026-06-11,74,1635210,846.36
2026-07-04,21,126563,1630.72
2026-06-10,80,19052,669.21
2026-07-28,64,18978,1635.54
2026-07-11,66,146163,2307.74
2026-07-10,18,2790,2263.55
2026-03-05,18,85579,1061.24
2026-06-22,75,108005,2063.80
2026-03-31,50,1820612,884.55
2026-07-17,41,96421,409.19
2026-05-24,82,189372,1255.11
2026-06-17,67,1089175,466.72
2026-07-21,25,65945,1406.82
2026-06-07,57,41090,2144.79
2026-07-03,49,1109101,2482.78
2026-06-28,66,4869,956.39
2026-07-11,36,61105,1801.04
2026-03-29,17,1587545,1987.27
2026-06-12,5,89433,939.95
2026-05-20,17,80544,2404.16
2026-05-24,45,127306,525.11
2026-03-27,62,1167329,1342.40
2026-04-03,82,1122269,1467.03
2026-05-04,18,108006,1202.46
2026-07-17,43,3953,386.57
2026-06-10,19,1050898,557.12
2026-05-20,57,20253,2353.91
2026-07-28,41,95346,1237.20
2026-06-15,1,63553,900.03
2026-07-15,10,144282,1943.34
2026-04-09,37,65646,449.57
2026-06-16,36,1137419,2190.83
2026-06-07,61,51885,566.16
2026-07-07,24,14967,1869.90
2026-07-17,23,4522,634.25
2026-03-30,55,112922,1695.78
2026-07-04,68,1135299,1645.18
2026-07-13,23,1080966,1607.29
2026-05-10,82,2181,162.75
2026-07-12,2,1159809,2113.27
2026-05-09,12,16466,892.01
2026-07-18,19,137164,1505.43
2026-06-06,57,6731,2070.77
2026-05-13,37,1709409,267.71
2026-06-24,75,47066,2190.27
2026-07-13,25,66498,1631.82
2026-06-30,65,45300,1924.15
2026-03-21,87,41385,2239.63
2026-03-15,6,3182,1890.34
2026-06-21,38,62447,2012.30
2026-03-15,75,107524,369.41
2026-03-26,24,1039856,552.53
2026-05-15,71,126528,476.85
2026-05-05,38,158670,760.14
2026-06-08,36,75613,310.39
2026-03-11,72,107700,1267.82
2026-07-12,13,7711,1575.36
2026-06-27,13,11123,771.68
2026-04-05,40,1135299,580.59
2026-07-28,70,1601689,307.75
2026-04-17,43,66281,929.21
2026-05-16,58,138759,1608.50
2026-05-09,47,40919,2275.03
2026-04-29,62,5312,1599.38
2026-05-15,82,160866,544.06
2026-05-02,61,1158240,274.60
2026-05-27,36,95611,131.57
2026-07-11,48,89741,682.19
2026-05-06,40,5779,2498.16
2026-06-23,18,110314,1392.36
2026-04-17,85,1085404,1688.99
2026-06-25,35,135514,1773.17
2026-07-06,59,159727,1653.71
2026-04-27,68,4595,2199.49
2026-05-24,3,107370,1951.15
2026-04-30,71,136099,2021.02
2026-06-11,76,10590,1940.63
2026-07-08,39,1127870,462.23
2026-05-16,29,133953,2013.82
2026-07-07,18,138048,1930.66
2026-05-20,6,1138147,2118.88
2026-04-12,51,12469,827.04
2026-05-20,45,18848,819.14
2026-06-22,55,1028091,2135.76
2026-07-16,27,1180497,250.15
2026-06-08,25,66423,392.88
2026-03-13,59,143686,2111.18
2026-05-02,37,82992,1460.38
2026-04-03,76,149709,704.44
2026-03-29,75,1084068,2220.49
2026-04-29,34,4989,1998.25
2026-05-17,85,1596075,1809.71
2026-07-11,31,1149252,1774.66
2026-04-05,87,6975,991.81
2026-03-28,53,1701933,1196.00
2026-07-26,10,1615151,1553.32
2026-07-24,87,508,2034.94
2026-03-04,22,1111230,1371.69
2026-05-02,36,80168,1322.81
2026-05-25,55,1617328,2320.48
2026-05-01,74,107633,638.12
2026-03-08,78,1133462,1060.38
2026-05-17,81,59509,240.06
2026-07-14,44,1151525,1579.02
2026-03-28,42,515,795.67
2026-03-26,40,47441,1424.78
2026-03-13,87,67182,370.03
2026-07-29,2,1749408,792.85
2026-05-11,83,1568970,1011.62
2026-06-13,39,1075813,667.97
2026-07-12,86,116477,1261.65
2026-03-22,85,40532,2423.94
2026-03-18,9,148732,206.24
2026-03-15,37,8328,1723.67
2026-07-06,33,1090641,793.54
2026-04-18,30,67348,352.02
2026-07-10,80,151605,803.81
2026-06-24,58,21718,2490.31
2026-07-05,66,1768956,2133.58
2026-05-10,57,1593031,993.96
2026-05-01,69,176209,963.36
2026-04-22,68,41817,1614.85
2026-04-20,31,65607,910.65
2026-06-26,6,1787193,2487.75
2026-04-15,23,21509,122.00
2026-06-17,32,1816711,483.46
2026-04-16,38,65740,1693.50
2026-05-19,42,90198,2315.93
2026-06-13,80,519,1205.76
2026-05-16,83,46275,279.51
2026-05-24,2,107808,1625.21
2026-05-10,1,137761,631.80
2026-04-23,84,1172779,1870.10
2026-03-03,35,1636390,482.79
2026-05-11,40,1173883,204.26
2026-03-23,66,112561,1348.66
2026-05-01,43,1025151,133.31
2026-04-12,61,1646932,233.69
2026-03-03,9,1669571,1956.93
2026-06-30,22,128887,1106.15
2026-06-01,38,94517,136.99
2026-04-02,1,5394,1184.71
2026-04-30,86,1043866,562.66
2026-04-28,45,1119456,2450.75
2026-05-15,22,86802,259.89
2026-07-20,54,1174322,2179.82
2026-05-18,5,112839,532.12
2026-05-12,48,1711749,2109.79
2026-06-28,86,1570687,894.99
2026-04-23,8,64064,400.82
2026-07-28,49,1575722,1611.24
2026-03-12,34,1171144,2256.84
2026-06-15,57,12521,799.60
2026-05-07,35,107394,495.68
2026-05-19,4,1796320,2244.77
2026-07-01,25,48451,809.35
2026-04-29,58,1123319,2243.68
2026-05-28,83,3771,351.62
2026-06-17,41,22759,248.53
2026-07-09,64,930,277.34
2026-03-29,80,4503,2266.60
2026-07-01,73,1646100,2006.51
2026-05-16,44,66751,631.88
2026-07-27,20,20755,2240.65
2026-05-13,39,1000602,1130.72
2026-06-13,41,151175,447.49
2026-05-25,11,154510,108.04
2026-06-20,30,1101212,435.39
2026-06-10,33,1136840,1952.34
2026-07-30,34,1138760,2041.76
2026-05-14,79,1061432,1835.89
2026-06-01,60,60028,1961.07
2026-05-19,21,7731,367.27
2026-06-08,79,1174401,139.32
2026-04-08,19,1661899,2279.53
2026-07-26,69,1600733,734.33
2026-03-30,55,66715,168.69
2026-04-19,4,1704534,555.55
2026-07-23,75,1122136,562.89
2026-04-01,50,1089297,558.95
2026-04-17,73,1077098,1693.09
2026-07-06,50,1092755,846.64
2026-06-20,75,1568984,2048.46
2026-06-21,40,1032935,2221.71
2026-06-04,28,1600814,1365.94
2026-04-03,67,74283,658.48
2026-04-05,62,1709243,1503.81
2026-07-09,20,199773,260.75
2026-05-27,80,18851,157.51
2026-06-15,46,1593128,2079.91
2026-03-02,68,162611,234.62
2026-03-02,24,1077418,1703.00
2026-05-30,72,8281,1115.91
2026-06-29,64,1609716,1190.66
2026-07-27,45,1594424,1263.51
2026-04-29,46,1701921,751.56
2026-03-19,6,1796030,1374.79
2026-04-14,61,2670,686.71
2026-04-12,6,651,1063.29
2026-06-14,36,7515,569.97
2026-04-26,60,17064,1419.23
2026-07-02,32,135956,1775.16
2026-06-20,43,1768885,490.15
2026-03-07,53,2991,2149.06
2026-03-29,29,80831,1366.53
2026-06-12,3,9575,229.24
2026-04-09,27,7933,2090.04
2026-06-17,8,63771,1640.87
2026-07-06,66,113438,1706.17
2026-03-31,87,8281,1092.15
2026-06-26,4,9515,2267.31
2026-03-12,2,107516,129.63
2026-07-15,69,78904,1152.28
2026-04-28,83,1089297,1269.45
2026-07-10,76,124281,133.14
2026-06-27,67,17044,1723.27
2026-05-06,45,107728,1355.89
2026-06-06,41,70637,1584.61
2026-03-24,5,1122035,361.57
2026-03-11,49,1068955,1549.92
2026-03-03,57,1091921,1748.06
2026-03-31,40,5748,2173.51
2026-07-14,25,1772491,878.50
2026-07-30,50,79614,380.96
2026-03-25,36,9894,1646.07
2026-03-08,80,1718741,1171.84
2026-06-10,60,92333,358.87
2026-03-30,5,65091,1901.61
2026-04-29,44,8459,1234.14
2026-04-10,56,1006448,733.09
2026-03-28,58,7515,1081.25
2026-07-30,85,1631988,507.86
2026-04-20,52,1085574,209.52
2026-06-12,29,9721,1658.21
2026-07-11,3,1146552,1882.46
2026-03-22,34,132203,2241.99
2026-07-14,70,11256,441.51
2026-03-03,16,40919,401.83
2026-05-09,11,49309,2374.35
2026-05-13,70,53004,1587.92
2026-05-28,66,190633,2084.22
2026-06-16,85,1005077,1928.92
2026-06-03,69,1008355,655.61
2026-03-13,12,1644264,1541.52
2026-05-29,16,93263,401.95
2026-04-18,21,1122678,1468.21
2026-05-02,48,7027,317.87
2026-05-15,40,1122385,2322.97
2026-07-21,78,22890,2353.59
2026-04-25,68,1153963,370.93
2026-05-22,75,3633,2188.16
2026-03-15,71,1032509,578.66
2026-05-14,52,11141,482.95
2026-03-22,30,107650,569.98
2026-03-18,57,1818069,1848.47
2026-05-29,70,1775200,1695.06
2026-06-29,12,1977,1561.36
2026-05-30,50,21797,2067.78
2026-07-09,59,4235,2026.55
2026-03-12,26,63505,1562.16
2026-06-04,61,98449,218.85
2026-03-19,45,98413,1432.32
2026-06-26,37,55643,2345.36
2026-06-23,29,69579,309.81
2026-03-06,30,71207,1206.65
2026-05-25,84,1626554,333.10
2026-07-06,66,112659,464.05
2026-04-20,73,15263,1493.13
2026-04-12,80,113753,1542.88
2026-07-15,55,107743,1106.50
2026-07-03,36,106614,1326.47
2026-06-10,44,97049,2054.80
2026-03-28,47,162956,325.99
2026-03-15,21,59896,1000.87
2026-07-19,64,65861,434.95
2026-06-10,37,18523,1190.86
2026-03-13,38,95406,1369.01
2026-04-01,18,165304,983.90
2026-05-12,67,13982,1388.05
2026-03-29,54,1099025,1318.13
2026-04-21,12,145837,1134.04
2026-05-15,6,107829,1435.04
2026-05-13,64,194046,1445.44
2026-04-14,21,1150552,1913.01
2026-06-24,74,122894,470.23
2026-06-19,69,107950,1645.68
2026-03-15,14,127825,452.55
2026-04-19,64,94593,2177.41
2026-07-03,27,65876,210.85
2026-07-13,70,1758400,2444.68
2026-03-25,32,156087,704.91
2026-05-17,10,42191,1256.37
2026-03-06,57,185059,285.62
2026-05-24,43,16831,549.84
2026-03-03,87,18040,1836.13
2026-04-04,40,11083,1260.39
2026-06-19,26,107326,2405.11
2026-07-11,80,98413,505.19
2026-07-01,35,7291,533.29
2026-07-08,67,1094246,1399.42
2026-07-23,42,66975,355.32
2026-04-16,12,99889,2017.66
2026-04-02,65,3287,123.22
2026-06-06,21,152544,1232.97
2026-05-15,28,1569285,350.08
2026-07-07,70,1081135,445.07
2026-03-18,62,107366,904.14
2026-05-23,69,1627078,1398.13
2026-05-16,46,147349,1759.79
2026-05-03,32,145574,1546.33
2026-03-31,48,19748,762.71
2026-03-15,85,107868,2160.98
2026-06-18,62,19134,1230.18
2026-03-01,3,18331,2445.63
2026-05-14,82,76261,1326.73
2026-07-30,58,1811524,469.45
2026-04-11,39,1101728,510.25
2026-06-23,67,1155902,1188.18
2026-05-08,8,175026,2270.04
2026-06-08,26,1617845,2161.03
2026-06-10,36,153234,2401.10
2026-06-15,40,14424,1340.72
2026-03-10,61,1643581,1150.36
2026-03-14,25,3254,548.66
2026-05-12,4,107186,198.25
2026-04-22,4,10321,1089.01
2026-04-04,59,1604623,485.40
2026-05-31,75,175778,642.85
2026-06-17,75,141895,1997.39
2026-06-29,30,1568984,546.79
2026-04-23,79,100751,242.71
2026-04-05,54,66823,1240.15
2026-03-04,18,3368,946.08
2026-06-23,75,22361,716.94
2026-05-11,51,189187,1752.93
2026-03-02,7,2863,1610.36
2026-03-28,31,1125940,1195.16
2026-04-08,27,137525,1167.11
2026-05-21,26,1158256,1505.30
2026-04-13,12,1089292,2261.14
2026-06-13,81,16824,424.48
2026-05-08,77,1083485,211.64
2026-05-16,15,1106205,1890.31
2026-05-03,41,21555,734.21
2026-03-15,10,63771,2204.84
2026-03-02,62,1659503,2487.35
2026-06-16,6,84462,1949.44
2026-05-31,35,18453,397.95
2026-06-22,40,6968,2195.15
2026-03-06,30,1733711,2123.27
2026-05-10,87,11104,2345.12
2026-07-04,68,1741771,1700.65
2026-04-25,80,107352,1516.68
2026-05-05,59,112397,2310.67
2026-04-30,59,6270,1219.81
2026-07-17,16,104077,1028.19
2026-07-17,70,1166202,2117.36
2026-03-18,58,98116,949.14
2026-05-28,15,51363,1829.97
2026-03-21,62,7081,215.67
2026-06-21,30,74059,1852.63
2026-07-29,3,1094279,373.30
2026-07-19,78,1573996,1491.61
2026-05-17,28,107679,997.43
2026-05-12,79,109874,1927.73
2026-06-29,58,106240,541.38
2026-05-01,60,1574278,1621.65
2026-07-18,87,49740,1448.75
2026-06-16,25,1607337,822.26
2026-05-19,75,1136819,1574.41
2026-07-29,17,10797,1699.60
2026-05-17,81,1570407,2454.16
2026-07-09,25,1688160,319.05
2026-04-08,15,7252,2068.94
2026-05-19,23,118255,866.35
2026-07-27,69,1668943,2185.85
2026-06-19,81,73692,161.34
2026-03-20,12,117464,1000.59
2026-05-26,69,86609,1556.45
2026-07-24,47,176868,836.29
2026-06-05,33,107985,2315.29
2026-07-26,83,82668,985.30
2026-03-06,38,63804,102.01
2026-03-29,49,1134899,2386.05
2026-06-16,43,107151,2215.04
2026-06-08,87,66256,2058.06
2026-03-13,4,1784679,406.89
2026-05-17,41,3543,109.92
2026-07-14,11,73145,2418.78
2026-04-03,3,1129581,1562.69
2026-03-06,12,61003,1651.30
2026-07-18,78,157797,1717.00
2026-03-16,36,1772524,2347.77
2026-07-15,29,3543,808.96
2026-03-12,55,1579403,2168.96
2026-04-09,81,1172694,2162.91
2026-07-15,19,1167583,358.45
2026-05-27,3,199323,1315.66
2026-03-15,10,1741977,562.78
2026-07-13,32,175625,728.69
2026-05-24,79,1656688,1800.78
2026-07-17,53,2322,1011.54
2026-05-25,25,1079979,1470.04
2026-06-10,14,1173297,1343.72
2026-05-25,12,1175319,1638.61
2026-03-29,36,2790,2127.58
2026-03-17,50,16567,416.27
2026-04-26,19,1633263,1486.10
2026-03-04,22,1000144,129.09
2026-05-01,62,20971,2413.97
2026-05-05,2,147404,1224.34
2026-06-05,31,1010449,1956.43
2026-05-18,20,133526,1399.91
2026-07-14,50,136099,1735.06
2026-05-23,47,150646,2292.02
2026-04-01,52,63807,2463.75
2026-05-12,69,86609,2074.23
2026-03-16,33,1696813,1231.46
2026-03-27,50,132245,216.91
2026-03-16,6,5485,1028.65
2026-05-24,6,8994,185.63
2026-04-20,44,98083,394.49
2026-05-22,7,17230,1690.85
2026-07-03,66,167469,1844.29
2026-07-11,25,1143811,1771.00
2026-07-01,70,66975,795.35
2026-06-29,12,79156,1300.47
2026-03-21,83,133953,2020.40
2026-05-19,42,1145053,1963.86
2026-03-20,28,67797,1457.76
2026-05-08,73,10578,1891.88
2026-04-01,83,1068255,523.20
2026-06-15,58,1132823,1583.98
2026-05-02,52,53384,2344.88
2026-05-19,33,129386,705.95
2026-04-06,25,1733711,205.14
2026-04-27,36,1830420,1129.01
2026-06-30,14,189187,2390.44
2026-04-19,9,3124,1803.01
2026-03-03,18,175748,1314.81
2026-07-01,32,6433,1098.52
2026-07-23,50,105813,2264.96
2026-03-26,54,12602,1900.31
2026-03-12,54,109874,1732.49
2026-03-15,44,107906,862.69
2026-05-28,81,4859,2313.19
2026-04-10,56,1792403,740.04
2026-05-10,40,16037,1032.36
2026-06-13,20,1174673,1546.96
2026-05-05,13,138777,1223.99
2026-06-18,41,145864,1955.83
2026-05-09,39,5426,2163.59
2026-04-19,62,1742245,2389.92
2026-05-02,17,1636390,1878.73
2026-05-10,3,5818,1828.60
2026-07-17,8,6972,1391.76
2026-06-22,32,112839,749.83
2026-05-17,25,7073,1287.92
2026-07-07,68,77368,1011.26
2026-05-29,66,1044300,1510.94
2026-03-16,62,1100289,290.36
2026-07-30,12,1636521,2438.03
2026-03-09,69,1088340,741.99
2026-07-06,51,7166,2406.07
2026-06-29,13,18473,885.00
2026-06-15,76,16136,2402.96
2026-05-16,68,1144418,261.88
2026-06-14,16,104137,1492.10
2026-06-22,41,177453,276.48
2026-07-10,80,134663,2427.62
2026-07-12,38,1707864,1656.91
2026-03-06,29,87898,1597.26
2026-05-01,78,95736,314.09
2026-04-20,37,1104869,1722.88
2026-05-29,63,1077544,1826.53
2026-06-27,57,168451,340.37
2026-07-18,87,103378,1412.28
2026-03-13,26,1695149,1504.98
2026-06-28,17,1107165,2388.46
2026-04-30,51,5312,173.01
2026-07-12,7,19101,690.94
2026-03-23,1,1806148,1476.57
2026-06-09,65,1572895,146.24
2026-06-02,87,11865,865.91
2026-04-21,72,3141,1447.01
2026-04-30,64,1793791,308.80
2026-03-14,39,1595827,2223.41
2026-07-21,30,5197,1860.54
2026-03-15,75,1646734,258.06
2026-07-28,84,1639817,2361.26
2026-05-26,27,117490,1190.32
2026-04-27,17,126051,1681.30
2026-03-24,79,80168,636.97
2026-04-05,68,1743082,170.08
2026-03-11,6,11086,1842.16
2026-03-06,26,17064,1534.91
2026-03-26,47,6731,1893.79
2026-03-16,27,124282,1594.08
2026-04-18,52,8539,2019.19
2026-05-06,37,63974,1546.73
2026-07-29,6,6134,2146.95
2026-05-05,55,63853,1150.83
2026-05-05,73,4632,1278.20
2026-03-15,3,14666,2471.18
2026-04-09,60,177895,1645.87
2026-03-30,29,50317,1155.36
2026-07-06,35,1669,765.55
2026-03-07,9,75906,856.52
2026-04-26,29,1000403,968.10
2026-07-29,2,66389,1600.27
2026-05-13,60,1136250,1091.88
2026-06-30,46,99030,1233.10
2026-03-03,49,5276,668.41
2026-06-11,16,46528,1586.93
2026-04-12,57,107825,330.18
2026-07-14,1,8057,1709.75
2026-04-25,2,110644,2305.07
2026-04-02,75,1100489,926.33
2026-03-23,84,96141,593.61
2026-04-07,52,17746,407.58
2026-06-30,65,67797,1651.02
2026-07-05,51,86906,184.36
2026-06-05,18,16391,1266.37
2026-07-26,64,5300,1706.53
2026-06-21,18,1616915,109.10
2026-06-13,64,107375,1496.90
2026-06-23,16,151373,1952.21
2026-04-17,52,6280,1502.98
2026-05-22,39,78751,1607.64
2026-06-21,63,1122136,1962.33
2026-07-22,17,192583,1149.70
2026-06-14,24,63650,1164.10
2026-06-03,52,1803355,1697.54
2026-07-09,85,120034,749.05
2026-03-18,78,107583,2181.88
2026-05-12,66,1710347,2271.59
2026-06-25,53,1733894,2318.80
2026-07-22,22,1083481,598.98
2026-04-08,85,5837,2380.73
2026-04-11,54,72149,1241.76
2026-03-31,65,1648616,1753.04
2026-07-20,22,1105541,2313.36
2026-06-25,45,1004190,1629.27
2026-04-17,45,99120,377.51
2026-04-30,53,1098081,455.41
2026-03-23,52,1809565,1391.78
2026-07-17,54,1116472,1758.48
2026-07-24,50,10593,905.77
2026-07-20,80,122215,1451.39
2026-03-18,74,1819818,2389.19
2026-05-13,84,11832,1533.39
2026-05-16,53,61772,921.62
2026-05-21,14,1103466,306.45
2026-04-26,14,1110754,412.98
2026-06-05,65,1589098,559.11
2026-05-26,15,11641,469.37
2026-07-20,19,18097,2281.51
2026-04-19,49,10876,1761.66
2026-05-06,38,1095407,2130.83
2026-05-16,71,62334,1491.41
2026-03-05,62,1644698,1454.77
2026-04-18,27,2046,547.83
2026-04-15,49,1144108,631.30
2026-05-27,81,4490,101.90
2026-04-27,35,40815,1257.75
2026-05-03,40,18320,2151.33
2026-03-02,6,8176,1507.27
2026-05-18,41,79339,1278.26
2026-07-19,42,20814,2459.69
2026-05-25,9,86767,1504.53
2026-04-23,64,10321,1796.49
2026-03-29,32,99377,185.57
2026-04-28,9,7667,1284.69
2026-05-10,52,1003197,1399.89
2026-05-19,54,107944,1045.29
2026-07-08,46,174663,1336.11
2026-07-09,3,68635,2105.81
2026-04-03,33,1165308,558.01
2026-05-03,5,142031,1127.35
2026-06-15,28,1173423,2270.29
2026-05-04,33,1590796,673.54
2026-04-13,47,1784390,1612.74
2026-05-24,49,111162,685.53
2026-06-12,22,127107,2308.51
2026-04-24,85,1091785,597.84
2026-03-14,67,1649175,1671.65
2026-07-16,82,1092037,706.10
2026-05-20,65,22175,2235.32
2026-04-12,4,1662317,681.43
2026-06-19,42,9636,1731.44
2026-07-05,66,19332,2417.98
2026-06-22,79,1782828,1910.84
2026-05-28,9,82187,1007.20
2026-05-23,28,1640903,286.18
2026-04-29,3,1155229,1507.32
2026-03-02,52,1809565,859.17
2026-04-23,3,97522,1012.75
2026-03-05,57,40815,1298.68
2026-04-03,30,4432,872.23
2026-07-17,82,107052,2377.60
2026-03-24,63,10843,2197.65
2026-04-08,7,176209,112.38
2026-07-06,62,14642,144.99
2026-06-07,33,143835,1855.44
2026-06-03,78,1698444,577.85
2026-06-04,57,1101704,2249.06
2026-06-05,76,141132,1793.01
2026-05-08,54,1787193,1355.90
2026-03-30,12,83051,1293.40
2026-03-04,72,17288,512.91
2026-07-17,53,4998,1791.22
2026-05-21,33,146255,2235.35
2026-03-04,81,102821,2245.30
2026-06-26,24,1092037,990.17
2026-07-10,4,80544,251.01
2026-03-24,82,185423,190.75
2026-07-24,10,1007174,1212.21
2026-07-25,33,1573648,1127.40
2026-06-09,30,1138300,2311.40
2026-07-10,25,1779163,2290.00
2026-06-01,77,107180,1633.88
2026-07-14,74,100843,813.28
2026-04-24,70,125503,624.82
2026-07-29,15,1607056,1354.53
2026-04-27,21,107673,411.40
2026-07-22,58,920,1690.90
2026-05-03,2,10863,1107.54
2026-03-24,22,14642,2068.26
2026-06-12,75,148095,1391.91
2026-03-21,52,1074623,1532.49
2026-06-24,54,1135193,429.74
2026-07-21,71,8956,2287.09
2026-07-14,38,76209,1674.40
2026-04-22,51,1004934,1116.62
2026-06-22,44,2173,2197.97
2026-03-24,78,49740,2219.19
2026-04-29,49,67223,2415.76
2026-07-14,72,19343,744.91
2026-05-10,63,63727,1090.91
2026-06-05,61,5438,495.03
2026-06-11,78,1661899,716.96
2026-05-05,1,1609384,1609.69
2026-04-05,22,15474,2267.80
2026-07-24,80,20515,890.63
2026-03-12,58,18358,1134.78
2026-07-09,31,1574120,674.36
2026-06-05,25,100066,2061.90
2026-04-26,15,11014,164.10
2026-03-23,49,112579,2309.71
2026-07-30,59,1569850,1371.11
2026-06-15,42,16664,2379.34
2026-06-30,81,174541,381.16
2026-05-08,59,5104,1201.65
2026-05-20,49,1733898,356.79
2026-04-29,5,80168,2071.93
2026-07-18,8,96067,1430.83
2026-05-26,30,7312,2192.23
2026-07-19,27,11850,954.47
2026-03-05,53,1158237,1155.50
2026-06-30,11,7127,992.13
2026-04-18,53,1710594,1497.78
2026-03-27,52,1444006,2290.52
2026-07-20,74,1663934,1319.97
2026-04-08,33,120986,973.45
2026-03-29,84,12877,2272.36
2026-06-06,31,107369,1586.67
2026-04-03,65,103095,1219.03
2026-04-11,19,1698522,934.20
2026-04-23,65,10921,1004.16
2026-04-05,10,1663683,2293.86
2026-06-03,8,175657,1454.64
2026-06-16,19,1764618,1945.12
2026-05-15,21,1603,359.97
2026-05-11,68,86583,1733.65
2026-05-10,47,41090,1918.14
2026-07-26,85,1783994,2227.98
2026-05-01,49,149540,359.15
2026-06-07,59,4759,1667.95
2026-05-21,57,1130552,1247.22
2026-06-11,1,1029041,2150.31
2026-04-19,23,16864,2369.04
2026-04-13,86,1068060,901.50
2026-04-21,43,180223,2018.55
2026-05-17,22,3193,278.84
2026-05-16,48,114123,1712.51
2026-03-21,85,1005700,2489.72
2026-03-22,37,44323,2184.11
2026-05-26,32,4232,1120.22
2026-04-22,53,107455,1924.56
2026-06-13,2,114613,2379.95
2026-06-10,18,1171081,1736.35
2026-07-17,63,1646282,941.14
2026-03-29,58,186818,2293.25
2026-07-26,7,5394,425.61
2026-04-24,64,13512,1285.98
2026-07-20,77,107373,102.61
2026-03-25,67,46707,486.56
2026-03-23,60,47719,1049.53
2026-04-10,80,1604096,1061.03
2026-06-18,70,107539,386.67
2026-06-28,73,9145,1040.71
2026-03-26,61,125074,2473.72
2026-06-20,46,19216,1818.64
2026-05-22,28,10962,2232.87
2026-03-17,71,19748,911.45
2026-05-30,5,114664,734.38
2026-07-14,37,1000975,873.14
2026-06-01,14,1160949,674.09
2026-07-01,74,1125625,1650.41
2026-07-12,11,1142450,1040.98
2026-07-16,46,1617845,1359.67
2026-03-30,26,1082015,2315.42
2026-05-31,4,1753250,738.98
2026-05-28,7,6608,338.52
2026-03-07,34,105057,1371.03
2026-04-22,21,6747,373.48
2026-06-10,16,1171287,1183.06
2026-03-11,15,65691,1380.46
2026-05-31,64,106933,2443.82
2026-03-09,49,76244,1956.72
2026-04-06,80,63749,2075.83
2026-07-03,43,1070024,530.62
2026-03-16,69,1077070,2043.57
2026-03-06,27,177453,889.79
2026-03-08,52,107809,2049.37
2026-04-21,64,187479,1412.16
2026-07-04,54,1074786,717.25
2026-05-29,13,1101704,1695.31
2026-05-26,70,1663711,2292.60
2026-06-20,21,1149252,2055.51
2026-05-22,67,1159674,2041.57
2026-04-06,83,176175,316.67
2026-04-01,39,9747,1367.08
2026-07-04,71,117351,2335.91
2026-05-26,31,112705,2040.48
2026-07-18,14,1004785,1325.56
2026-07-15,57,13518,1616.44
2026-03-30,32,2539,1843.59
2026-05-10,70,12285,1323.27
2026-05-01,7,41514,1540.53
2026-05-07,42,1643564,1460.17
2026-04-24,82,127107,1782.26
2026-06-22,49,1073864,1028.54
2026-06-08,7,1088844,1449.68
2026-04-12,68,63716,2457.62
2026-07-22,16,19466,924.23
2026-03-27,51,1010449,689.96
2026-07-09,65,7339,185.77
2026-07-29,38,166830,1799.83
2026-05-29,8,4282,288.23
2026-05-02,53,45967,1002.57
2026-03-08,8,20490,1816.61
2026-07-13,81,98340,2047.58
2026-06-25,79,96067,1893.03
2026-04-29,59,119177,523.43
2026-05-25,27,135802,1838.09
2026-06-22,5,67348,474.80
2026-07-19,47,22168,671.16
2026-07-09,60,123204,402.79
2026-06-29,5,1117445,430.67
2026-05-30,39,1112746,1778.80
2026-04-03,60,80574,1538.72
2026-04-23,25,158338,1046.19
2026-05-21,48,1166522,1787.56
2026-03-23,49,197633,772.85
2026-03-12,75,107749,684.21
2026-05-12,3,22008,2308.24
2026-06-04,22,1649175,2431.52
2026-05-17,29,107877,1941.37
2026-04-08,87,147883,1235.77
2026-03-31,24,119342,2242.80
2026-06-22,12,1009994,1609.18
2026-07-17,27,1758908,600.07
2026-03-07,63,15893,1198.46
2026-07-04,3,78992,444.33
2026-03-26,62,1664461,199.94
2026-06-17,67,97305,600.49
2026-07-23,43,1744554,2225.13
2026-06-14,40,97714,2084.83
2026-06-19,9,139958,707.57
2026-03-20,61,15988,302.85
2026-06-11,8,48216,1708.44
2026-05-22,80,1734212,1850.64
2026-03-02,44,107554,743.29
2026-07-29,19,138105,895.68
2026-07-14,59,1146826,2179.00
2026-07-02,63,63746,1914.54
2026-07-06,80,172625,1435.16
2026-04-17,71,11353,2197.74
2026-06-08,70,15686,844.54
2026-07-09,8,3368,1394.32
2026-06-30,10,20194,1090.27
2026-06-24,13,3190,1214.07
2026-06-07,21,130339,785.41
2026-07-06,61,18453,907.01
2026-06-29,19,1132424,298.85
2026-03-17,25,112378,1592.15
2026-05-05,1,1156902,2209.44
2026-05-10,22,1665385,2100.03
2026-06-07,67,65588,659.91
2026-04-25,47,21989,2127.99
2026-04-16,1,49527,657.36
2026-05-21,50,1776540,2165.12
2026-04-11,87,62332,1258.00
2026-06-13,13,107172,1921.35
2026-04-06,14,1108147,340.53
2026-06-27,64,1151571,1858.58
2026-06-02,32,141036,1925.08
2026-07-27,58,9079,975.43
2026-06-02,52,188840,864.45
2026-06-04,56,119349,137.96
2026-07-10,36,4663,1392.04
2026-06-18,83,107300,1072.24
2026-06-14,48,81587,1162.23
2026-06-23,36,9144,1601.32
2026-07-09,34,113753,1254.94
2026-06-26,75,1119545,1485.12
2026-03-29,58,14652,533.61
2026-05-02,74,1641814,424.84
2026-06-26,20,159082,649.08
2026-04-18,86,82205,140.65
2026-04-12,32,148684,1742.01
2026-07-17,79,41733,893.21
2026-06-07,49,146864,1552.54
2026-04-25,40,20141,777.42
2026-07-24,75,10729,616.64
2026-04-13,62,639,2385.56
2026-03-08,15,57967,1216.52
2026-07-19,77,20209,2073.01
2026-03-08,46,20192,2490.64
2026-04-13,4,1675176,2199.24
2026-05-13,52,193976,626.95
2026-07-08,78,1149251,2476.77
2026-04-08,35,1125130,1636.17
2026-03-20,83,107897,368.82
2026-06-17,76,55643,1260.11
2026-06-07,69,1742386,1612.96
2026-04-06,34,76297,158.13
2026-05-30,19,1094644,2363.41
2026-05-17,2,125399,1757.07
2026-04-21,15,1175295,1555.07
2026-03-11,29,108338,513.49
2026-07-22,63,135207,1485.01
2026-07-12,23,1001199,1873.70
2026-07-11,76,115607,1371.86
2026-06-05,2,1734211,366.79
2026-07-02,30,1634237,1736.53
2026-07-13,63,1175654,551.40
2026-05-14,42,65763,1821.39
2026-03-02,11,1744520,1838.52
2026-03-14,67,1800751,2108.25
2026-07-29,41,19223,1444.04
2026-05-19,35,1089943,555.37
2026-06-28,70,1146604,1137.28
2026-05-20,31,1585858,1832.11
2026-05-05,53,19222,1679.78
2026-06-24,10,1838444,832.75
2026-04-24,69,1114450,293.99
2026-03-05,5,185990,760.15
2026-06-04,2,1003197,400.24
2026-04-06,23,10365,1174.71
2026-04-13,83,1760068,183.11
2026-03-30,67,66460,2122.55
2026-07-14,79,15814,1564.33
2026-05-18,22,65956,303.77
2026-05-06,25,1175248,1044.78
2026-06-13,47,180223,853.42
2026-06-06,41,1592257,1744.81
2026-05-21,69,11042,2251.77
2026-05-16,26,1615266,2292.59
2026-06-01,65,1797845,1559.67
2026-05-06,64,1001423,1684.44
2026-07-20,52,99485,1374.69
2026-06-20,67,57916,1393.22
2026-04-19,62,1643481,1409.80
2026-03-09,20,94587,2428.21
2026-06-07,86,107811,614.89
2026-07-11,5,100561,2046.12
2026-03-12,2,1169462,389.50
2026-03-12,34,1775089,2155.11
2026-03-23,2,22227,156.20
2026-07-17,69,2408,2281.29
2026-07-06,9,1568307,1817.04
2026-05-18,87,107690,1993.81
2026-06-16,34,17757,2097.01
2026-07-17,13,63818,297.38
2026-03-07,4,4697,1704.63
2026-07-24,87,7710,2139.01
2026-03-15,31,8147,579.51
2026-04-27,40,18218,1166.40
2026-05-11,87,1585853,1180.30
2026-04-18,83,1664809,2256.02
2026-07-23,87,1094619,1122.16
2026-07-05,69,176243,2488.12
2026-06-04,43,106915,741.60
2026-07-09,51,1116622,2481.91
2026-03-16,20,1744520,789.57
2026-04-10,67,146746,1147.78
2026-05-28,14,1147158,1160.57
2026-04-19,40,1626554,486.12
2026-05-03,16,9175,1775.21
2026-04-24,61,18364,1928.34
2026-06-03,28,10365,2118.91
2026-04-16,48,8373,1159.71
2026-05-04,55,8594,1917.50
2026-06-11,35,51448,1820.63
2026-06-17,83,137761,1132.64
2026-03-01,34,9273,958.03
2026-07-25,23,112149,1636.92
2026-06-29,84,1817948,2463.77
2026-06-27,76,63638,1157.82
2026-04-04,39,1575752,2198.75
2026-03-22,23,155167,294.15
2026-07-19,16,1708624,1743.17
2026-07-20,2,7707,1035.95
2026-06-21,21,1159809,1476.13
2026-04-18,53,18343,1147.09
2026-05-09,57,49102,793.14
2026-06-14,40,112492,818.71
2026-06-20,70,14375,449.57
2026-06-01,51,135707,407.91
2026-05-12,87,53576,1922.67
2026-05-21,76,1594687,2258.33
2026-03-11,11,1742402,2134.53
2026-05-25,59,157664,2249.90
2026-05-05,23,115219,1589.44
2026-04-22,47,151605,1038.07
2026-04-25,87,81051,2037.81
2026-03-31,45,107360,474.03
2026-03-31,60,1128180,453.41
2026-06-16,47,107375,1576.24
2026-04-11,79,1117748,2303.28
2026-03-07,45,22169,1277.00
2026-07-04,74,4899,1959.56
2026-04-14,68,61039,1290.48
2026-07-03,23,1709409,744.19
2026-07-19,19,63753,889.02
2026-04-08,69,106182,990.70
2026-04-03,55,102318,1399.72
2026-06-01,14,1102770,1292.77
2026-06-27,17,1177172,481.12
2026-07-08,82,1147265,1126.93
2026-06-09,27,1116517,1564.33
2026-06-07,40,1700598,1805.05
2026-04-21,32,1116744,2488.28
2026-05-28,41,1784390,509.81
2026-03-12,64,141633,1302.53
2026-07-10,62,107647,1938.04
2026-07-20,9,1055930,1269.94
2026-04-05,46,14306,1082.87
2026-07-22,78,73829,600.58
2026-05-23,47,107899,1235.79
2026-04-30,49,1050898,1316.56
2026-04-05,67,122929,1178.95
2026-06-26,51,1819240,846.10
2026-05-24,49,1171969,1799.40
2026-05-22,56,2724,1462.41
2026-03-02,85,1617745,2463.33
2026-05-25,36,180000,1221.86
2026-05-08,80,175777,1384.24
2026-06-10,24,1122045,1452.50
2026-03-08,11,63567,2241.15
2026-05-16,20,113438,903.74
2026-05-29,85,41676,1920.44
2026-05-20,85,117988,2216.27
2026-05-24,9,141131,218.72
2026-05-20,15,66296,1485.14
2026-07-17,60,120717,486.17
2026-07-30,62,107714,1568.04
2026-03-14,16,1013270,1298.00
2026-04-23,78,16243,2052.44
2026-07-05,42,1588647,758.38
2026-04-20,55,12163,1429.64
2026-04-05,47,65828,1541.64
2026-04-20,81,6495,1498.00
2026-07-04,12,1087383,461.48
2026-03-29,9,65749,2038.20
2026-05-14,76,1127829,1326.47
2026-07-08,47,1096531,769.13
2026-04-03,14,179021,337.82
2026-05-04,13,106917,2428.43
2026-06-04,65,163824,1976.87
2026-05-04,11,80550,348.29
2026-06-03,37,104184,1199.79
2026-03-24,58,150818,1732.87
2026-05-20,39,158490,1159.20
2026-04-07,58,148674,579.02
2026-06-15,71,8992,2357.95
2026-03-02,8,71789,1156.86
2026-04-05,48,98027,2362.82
2026-06-23,47,10247,1982.47
2026-07-28,80,5197,666.20
2026-03-07,26,1760068,1676.79
2026-05-29,26,885,234.01
2026-06-30,58,132570,968.39
2026-03-13,49,66823,2118.06
2026-05-30,27,48061,2295.51
2026-04-04,26,1175427,1965.69
2026-03-01,84,1121669,495.65
2026-07-10,7,1114027,1794.80
2026-04-25,82,17441,1994.62
2026-05-08,73,20394,2163.99
2026-07-09,22,1570969,644.93
2026-07-28,62,10163,1885.33
2026-06-02,43,148732,2383.08
2026-03-22,11,64171,1483.40
2026-05-14,87,1137971,2408.63
2026-06-12,43,107770,1263.47
2026-03-22,62,1575207,915.06
2026-07-06,13,91005,1161.75
2026-05-17,24,10995,907.52
2026-07-18,40,158631,1697.27
2026-04-17,24,155167,571.84
2026-03-16,43,1146129,1903.89
2026-05-16,74,185059,1790.19
2026-06-25,61,1150708,905.91
2026-07-09,9,115882,100.52
2026-05-04,14,122492,763.77
2026-07-13,74,798,2201.47
2026-06-30,51,5403,1657.01
2026-04-06,37,162119,2476.36
2026-07-06,84,147908,1720.33
2026-03-11,9,7933,795.78
2026-04-16,51,15689,640.64
2026-06-30,75,9825,856.47
2026-04-20,67,5800,2322.74
2026-06-28,60,1010289,508.77
2026-06-06,50,65662,1178.43
2026-07-28,33,1801717,516.40
2026-07-06,2,2844,1970.87
2026-03-20,7,1636494,1249.72
2026-06-25,37,114123,2111.89
2026-05-02,24,22097,1847.56
2026-05-29,73,63638,1542.92
2026-06-19,49,11841,818.86
2026-05-03,12,1732771,2313.35
2026-05-14,59,1595594,520.31
2026-06-05,1,6420,2178.25
2026-07-26,70,4392,1324.00
2026-07-04,5,5542,914.19
2026-06-13,3,176381,1674.97
2026-03-09,72,107326,2426.18
2026-05-04,19,1710097,535.75
2026-04-10,1,148683,2058.27
2026-04-13,71,49396,1290.59
2026-07-11,67,63652,1291.50
2026-04-11,20,1807309,1012.87
2026-04-09,17,12080,1238.82
2026-05-03,11,62906,1591.47
2026-06-07,25,159168,980.48
2026-04-19,37,105367,991.20
2026-04-29,32,147979,2233.05
2026-05-23,82,2576,2499.85
2026-07-19,83,1795465,2392.40
2026-05-06,71,135026,520.88
2026-03-20,57,63736,279.34
2026-04-06,34,55861,1029.77
2026-07-27,60,1149070,1331.28
2026-05-12,26,94762,374.56
2026-04-23,14,16051,534.41
2026-07-05,66,163250,1995.69
2026-07-21,36,82187,797.85
2026-03-14,59,199271,197.93
2026-05-14,29,1750410,367.72
2026-07-06,7,20141,1746.24
2026-03-10,31,1817,2235.67
2026-03-24,80,147949,150.45
2026-07-24,20,129571,748.02
2026-04-27,57,97048,1431.29
2026-04-12,5,1136595,1318.55
2026-05-08,55,1138999,580.89
2026-04-17,87,129386,1318.36
2026-04-05,39,1608967,2057.19
2026-07-11,50,8773,2475.38
2026-04-15,42,627,2474.87
2026-06-12,34,130935,426.61
2026-06-27,56,1116744,1706.62
2026-07-13,8,169374,1650.84
2026-04-02,68,22311,801.20
2026-07-09,21,1095648,2447.81
2026-04-26,27,100605,209.29
2026-05-08,65,1799506,2336.99
2026-06-06,28,71818,106.89
2026-04-09,53,12502,1182.39
2026-04-05,44,18218,836.15
2026-06-04,13,1649501,732.47
2026-05-15,42,139764,1560.32
2026-05-01,45,118705,2254.72
2026-06-08,11,11253,1914.75
2026-05-15,8,167867,1289.82
2026-07-17,25,92985,1303.28
2026-03-03,83,1765833,679.83
2026-03-12,69,74283,1240.57
2026-06-09,39,182255,1872.06
2026-07-25,3,1663080,562.56
2026-05-01,84,18138,681.56
2026-07-12,36,10264,401.39
2026-07-25,14,67193,2381.68
2026-06-11,43,106918,2166.66
2026-05-30,60,104326,1917.27
2026-05-29,86,1112746,1804.91
2026-03-17,51,1006885,1526.58
2026-03-31,35,1659322,233.59
2026-06-27,77,76356,1805.37
2026-06-12,11,151605,948.66
2026-06-23,49,1803355,1904.28
2026-07-14,41,1695149,1797.48
2026-03-10,28,2410,2017.24
2026-05-14,43,105057,896.84
2026-05-02,5,118595,936.26
2026-05-14,78,147099,2359.15
2026-07-12,18,1035730,1908.16
2026-03-03,11,10590,2385.70
2026-04-16,39,1577572,2156.50
2026-07-20,78,197645,1475.09
2026-06-30,26,1664550,1333.88
2026-04-09,10,44325,2420.48
2026-07-08,17,141290,1756.10
2026-03-26,69,63265,1688.18
2026-03-19,18,18693,1608.62
2026-07-24,38,141290,1866.46
2026-07-26,86,20542,1619.47
2026-04-19,30,1698836,793.51
2026-05-28,68,8997,1412.80
2026-07-26,64,1782828,863.11
2026-05-17,31,93398,302.54
2026-04-17,59,1615151,2410.23
2026-05-11,36,1097946,266.16
2026-03-22,65,63053,2308.04
2026-04-22,74,9710,759.14
2026-05-23,67,8966,808.38
2026-07-28,75,107321,1042.69
2026-05-17,42,63771,2097.93
2026-04-16,37,199773,624.81
2026-04-01,84,2371,1559.35
2026-04-29,49,55774,1886.55
2026-07-11,28,67013,1031.75
2026-03-23,27,1568863,899.65
2026-05-02,5,1814670,516.96
2026-05-08,32,2894,739.23
2026-05-22,20,123204,1714.80
2026-04-24,57,99630,1152.75
2026-07-08,14,1004785,1232.90
2026-06-30,42,98875,1813.54
2026-04-18,45,49637,754.67
2026-07-25,71,94890,1744.34
2026-04-05,49,4282,1698.13
2026-05-21,35,48061,428.81
2026-06-02,74,77946,812.97
2026-07-08,53,1180682,209.40
2026-07-20,20,57601,1817.14
2026-06-14,85,1749609,1148.35
2026-03-06,51,3981,1253.50
2026-06-22,75,1002235,542.09
2026-06-25,79,1572895,1043.17
2026-04-28,29,107694,229.93
2026-04-29,3,21698,2004.56
2026-03-29,86,6525,371.86
2026-04-15,46,107682,2260.88
2026-04-24,78,1114027,1508.01
2026-04-09,56,1125459,1374.69
2026-04-23,12,1127165,2237.17
2026-04-21,39,1690243,588.06
2026-07-26,34,137994,979.05
2026-03-23,45,1643868,155.54
2026-03-03,40,1700331,813.94
2026-03-06,76,82205,996.58
2026-06-11,80,195906,737.70
2026-04-17,27,1087383,617.06
2026-05-20,56,15788,2146.47
2026-04-16,69,71935,230.64
2026-03-28,20,1149730,478.43
2026-07-02,34,1806740,2156.80
2026-05-07,41,107688,145.03
2026-05-17,21,4645,2327.27
2026-04-22,37,1019782,296.36
2026-03-26,9,134666,1431.11
2026-07-28,64,6902,1060.37
2026-03-12,67,8241,2029.02
2026-06-02,34,65835,646.85
2026-07-22,77,98116,777.21
2026-04-05,16,63771,1425.85
2026-05-28,40,101615,959.64
2026-03-22,27,63561,1979.18
2026-06-19,45,14424,1402.60
2026-06-02,51,1002913,1357.21
2026-03-01,80,55534,427.90
2026-06-23,72,181122,2215.71
2026-07-07,47,1171985,1600.81
2026-05-12,69,1712832,1537.45
2026-05-23,30,1132823,1441.58
2026-05-06,21,1087586,918.96
2026-07-23,51,11304,314.43
2026-07-21,22,44041,1379.90
2026-05-21,86,126563,2204.18
2026-04-06,9,80831,1877.14
2026-03-14,42,15749,1384.99
2026-06-19,43,1159578,1552.98
2026-06-26,26,8959,589.95
2026-07-16,43,107551,453.55
2026-03-10,76,1650193,1736.36
2026-04-15,15,1122385,1053.99
2026-07-22,23,134762,1111.76
2026-07-30,79,107369,670.91
2026-04-20,11,14631,158.73
2026-04-11,53,1109707,896.59
2026-06-24,19,107944,1322.80
2026-04-26,46,19744,1190.34
2026-03-11,26,22370,1922.14
2026-04-06,44,1148500,847.38
2026-07-27,11,2444,169.10
2026-07-28,22,1829859,1366.78
2026-07-07,74,1166114,1665.99
2026-04-02,72,1169528,2022.09
2026-05-31,32,18379,900.55
2026-06-05,21,1600733,1974.31
2026-03-11,57,97731,435.79
2026-03-01,53,13040,2040.49
2026-05-14,67,1116145,781.08
2026-05-07,20,110323,1036.46
2026-05-29,47,105367,2024.01
2026-06-23,32,10590,2326.85
2026-03-27,47,1649174,989.89
2026-04-12,51,5394,1005.79
2026-04-22,30,14645,2359.96
2026-06-11,87,1820323,1300.77
2026-05-24,33,1019604,1226.04
2026-05-21,72,50103,1462.85
2026-06-04,20,19332,904.61
2026-04-17,75,19195,1805.57
2026-03-15,41,1569679,2090.42
2026-04-25,47,20593,920.74
2026-03-26,24,20322,1182.70
2026-04-02,42,1568979,534.21
2026-05-08,17,1661899,604.52
2026-04-07,14,1156522,2252.07
2026-07-21,42,82242,1024.38
2026-04-07,11,14060,939.64
2026-05-25,12,1110147,1036.79
2026-04-26,74,1088137,592.17
2026-03-04,80,7252,1621.88
2026-04-15,55,1119695,2483.85
2026-05-19,66,1159560,788.97
2026-04-14,13,56883,337.04
2026-03-06,69,1714452,530.95
2026-05-27,48,1647113,1844.43
2026-07-26,40,88612,2322.64
2026-04-30,81,164150,1903.07
2026-04-24,58,65657,2004.68
2026-07-18,1,1711834,234.21
2026-07-16,85,22906,1470.77
2026-04-15,63,22169,261.55
2026-04-08,44,167867,514.56
2026-06-19,41,105280,1649.97
2026-03-07,15,1144560,1328.69
2026-07-21,44,1697441,2069.87
2026-07-25,43,1161720,241.64
2026-05-29,1,109890,1481.48
2026-04-10,54,53384,889.33
2026-05-02,14,10409,653.04
2026-07-30,86,87449,379.45
2026-06-19,74,171892,1246.20
2026-06-08,83,20557,1280.92
2026-05-20,9,5335,1561.49
2026-04-21,9,1148024,133.65
2026-03-29,7,1117425,1530.87
2026-03-12,11,8148,246.30
2026-03-18,38,122804,780.84
2026-05-27,26,132446,1007.50
2026-03-31,9,1036062,876.55
2026-07-15,10,111784,1090.78
2026-03-24,48,65578,649.53
2026-06-23,43,84936,2326.13
2026-06-02,8,115342,976.28
2026-04-01,12,1003755,2175.24
2026-03-20,46,2175,1334.91
2026-06-13,79,63560,458.53
2026-03-10,1,1811510,326.48
2026-06-30,8,125973,888.66
2026-06-17,9,22169,2279.98
2026-05-01,18,2672,2200.02
2026-05-02,10,7730,1594.37
2026-06-23,29,7705,789.26
2026-04-23,26,1134084,2267.01
2026-06-11,27,1088400,2175.31
2026-05-02,37,187342,2336.49
2026-03-02,47,18223,1924.14
2026-07-24,84,153759,2421.35
2026-05-25,55,1100465,459.20
2026-05-06,59,1114935,462.58
2026-05-29,55,142925,2274.04
2026-06-08,36,6731,499.27
2026-05-18,70,1640614,1447.73
2026-04-17,43,1625251,519.00
2026-05-04,2,1784390,793.78
2026-04-11,51,199058,745.91
2026-07-05,23,2349,1638.64
2026-06-29,80,2635,1882.14
2026-06-08,57,41421,442.16
2026-06-17,73,1574203,1892.16
2026-07-17,72,131398,1707.91
2026-03-30,65,1812856,1843.25
2026-07-21,2,15050,242.17
2026-03-30,87,1154327,477.34
2026-05-07,44,4730,654.20
2026-07-24,15,1587545,1284.16
2026-06-27,53,1125877,2178.41
2026-03-10,17,122254,2207.98
2026-03-12,42,167253,610.45
2026-03-29,76,16769,1456.17
2026-06-16,44,18421,1414.58
2026-05-25,70,1607968,1602.05
2026-05-17,33,1002363,2277.70
2026-05-15,2,66682,1568.87
2026-06-09,70,1733894,650.04
2026-03-30,41,1154796,2472.97
2026-06-20,45,1095147,1939.52
2026-06-17,7,1760068,1484.86
2026-03-13,77,1040727,2371.12
2026-07-27,73,65720,633.63
2026-06-24,50,1091654,2073.69
2026-03-02,66,80466,1150.79
2026-03-16,19,71818,332.76
2026-04-10,29,52877,819.52
2026-04-27,87,1085404,1752.90
2026-07-22,60,1165757,202.23
2026-04-23,30,1136819,1097.18
2026-05-17,10,52892,2063.10
2026-05-19,28,112659,293.74
2026-04-27,17,66753,2385.63
2026-03-11,27,1766563,1028.47
2026-06-18,9,72518,738.75
2026-04-07,12,1098539,2186.33
2026-03-11,7,63745,2344.35
2026-07-07,64,6707,701.35
2026-07-22,75,49527,224.12
2026-03-09,86,19188,1839.14
2026-07-16,66,107441,1408.12
2026-05-21,24,105701,2137.07
2026-07-07,5,107938,187.70
2026-07-12,32,13708,1546.92
2026-06-10,73,63902,576.09
2026-03-03,11,138748,393.20
2026-05-28,74,1103769,2490.71
2026-03-18,5,53390,710.89
2026-05-30,53,44941,1647.10
2026-07-10,29,10402,2274.20
2026-04-05,9,1156847,1934.59
2026-03-21,2,45808,2201.02
2026-03-27,3,169887,791.44
2026-06-17,82,1735354,2161.46
2026-06-06,66,107479,1053.51
2026-06-24,36,155010,1957.97
2026-06-13,33,188840,1112.38
2026-07-25,58,5640,1508.04
2026-03-10,73,1158238,905.94
2026-04-15,27,165237,1129.47
2026-03-31,24,21718,2323.00
2026-06-01,58,1119662,1287.48
2026-07-01,33,14306,846.60
2026-07-27,71,1109889,1895.62
2026-07-06,30,2181,1963.73
2026-07-05,35,21304,273.59
2026-06-21,12,6134,1740.65
2026-07-28,30,1096608,403.81
2026-05-15,77,1094168,1555.90
2026-07-14,41,2175,885.45
2026-06-13,17,13732,764.88
2026-04-16,36,2808,1765.44
2026-07-22,46,66579,2061.53
2026-07-22,10,1808868,1639.12
2026-04-05,12,8912,1464.73
2026-06-01,7,1145882,446.93
2026-06-21,66,4062,1320.92
2026-03-30,83,14315,111.88
2026-05-08,15,14833,1986.71
2026-05-31,39,1643244,663.40
2026-06-02,43,1168988,607.66
2026-06-29,62,1709409,1230.01
2026-06-17,38,65825,1342.18
2026-03-17,81,111759,2330.01
2026-05-27,11,20514,560.05
2026-05-01,28,138170,361.84
2026-04-26,31,63753,751.04
2026-05-26,81,145099,511.54
2026-03-26,10,1133614,1654.23
2026-04-24,67,13198,673.53
2026-04-09,34,1760068,1503.35
2026-05-01,17,11255,1683.46
2026-04-28,60,1173908,2004.14
2026-05-22,63,4469,2374.18
2026-06-09,61,126193,2027.89
2026-06-20,69,127107,1794.49
2026-04-14,6,4975,1866.10
2026-03-24,58,63518,982.27
2026-07-05,26,1629212,555.67
2026-06-19,83,1096810,1722.94
2026-03-05,26,1108199,1935.08
2026-03-16,70,107708,1303.19
2026-03-21,17,107590,1176.22
2026-04-23,74,1000983,1107.62
2026-06-08,82,1083509,209.68
2026-03-05,14,129596,2496.85
2026-04-10,76,1127167,1073.82
2026-05-05,25,3494,1460.61
2026-05-07,76,1131243,318.88
2026-06-24,39,1775190,631.58
2026-04-24,81,4362,2020.32
2026-06-15,11,175426,156.07
2026-05-24,33,1569394,939.48
2026-06-13,3,199045,861.67
2026-04-13,47,63528,1956.29
2026-07-27,26,1122385,984.00
2026-03-11,17,46307,909.02
2026-06-06,67,18468,1449.03
2026-06-23,42,53390,1473.31
2026-05-15,52,189376,1482.26
2026-03-26,24,54628,506.96
2026-05-19,6,1797863,796.48
2026-06-12,55,20816,378.18
2026-07-30,32,65599,1186.75
2026-04-16,42,102821,1176.58
2026-06-16,40,6608,1331.76
2026-06-28,23,53627,2341.03
2026-07-19,32,106559,1069.32
2026-05-12,87,52996,777.11
2026-05-20,16,16275,309.24
2026-05-02,74,107895,2492.65
2026-04-01,38,158069,2461.68
2026-04-04,26,22892,1192.22
2026-06-30,29,107904,1045.41
2026-03-18,39,1605984,2336.06
2026-06-09,10,8284,2391.30
2026-05-20,87,107412,638.12
2026-03-17,77,138423,708.91
2026-07-28,85,1643487,100.64
2026-04-17,30,1148500,2114.23
2026-07-10,75,1781686,1464.26
2026-06-07,40,46307,1048.72
2026-03-29,24,149528,1220.08
2026-06-22,56,79150,409.54
2026-03-21,63,78397,1133.66
2026-05-10,46,142038,546.64
2026-07-07,78,72430,1233.71
2026-03-10,84,6909,1579.90
2026-04-30,7,3192,798.58
2026-07-24,25,17064,1120.05
2026-04-24,67,63653,1455.67
2026-03-27,48,76254,2011.59
2026-07-09,31,160438,1051.66
2026-05-27,14,118715,792.87
2026-06-23,36,1603556,219.95
2026-07-02,54,1014868,1110.22
2026-06-08,2,1643868,1187.71
2026-07-12,82,18453,2136.74
2026-03-15,25,90863,1945.93
2026-05-06,20,149198,1850.31
2026-04-17,9,1157927,103.80
2026-04-26,70,6972,2355.48
2026-04-23,34,1087894,2495.29
2026-05-01,33,1788083,2224.65
2026-05-15,74,10797,404.55
2026-03-18,47,13647,2354.50
2026-03-16,31,186063,1671.55
2026-07-13,17,172190,588.75
2026-07-11,53,1108960,1171.34
2026-07-19,1,1145841,321.22
2026-05-05,16,5902,2320.36
2026-04-30,86,20149,2398.87
2026-03-01,18,1147265,1605.05
2026-03-19,38,1647102,1431.85
2026-04-26,82,1138300,886.64
2026-04-01,12,80967,1177.18
2026-05-16,63,165325,1485.57
2026-07-17,87,47285,2354.85
2026-03-07,20,1073716,589.31
2026-05-31,76,13509,1662.75
2026-05-22,64,1641817,1964.39
2026-04-03,35,1134705,262.81
2026-05-15,25,1101212,353.00
2026-07-23,37,77467,1293.64
2026-05-06,50,107632,1085.98
2026-05-07,67,1570659,229.55
2026-07-16,48,1089484,488.22
2026-05-21,11,97305,1241.73
2026-05-28,38,18770,2167.20
2026-07-30,34,2887,1412.17
2026-07-16,57,1586902,173.43
2026-06-24,78,2045,890.16
2026-03-29,4,1669798,800.63
2026-05-26,79,1092755,1231.90
2026-03-26,28,63552,1930.86
2026-04-16,60,138698,195.93
2026-04-22,26,5504,575.00
2026-04-12,71,1115197,2117.93
2026-05-09,21,1605751,1206.49
2026-05-01,70,1649175,135.41
2026-03-29,31,114647,830.16
2026-06-04,79,124924,2496.68
2026-03-15,35,41860,1109.59
2026-06-09,67,1595594,2029.69
2026-05-02,79,2671,469.46
2026-03-20,3,43602,2277.30
2026-04-07,79,1083213,1622.35
2026-05-14,25,164150,897.75
2026-03-14,64,6420,2094.73
2026-06-11,68,1569761,1339.44
2026-05-14,13,100057,163.62
2026-04-11,17,156259,1152.54
2026-06-30,79,1003092,1934.24
2026-07-05,5,5611,879.55
2026-05-11,32,84531,779.84
2026-03-24,63,1086542,737.33
2026-06-10,3,9288,909.90
2026-05-21,31,10303,1170.91
2026-05-21,85,113396,1306.51
2026-03-05,69,14514,406.46
2026-05-23,32,65784,865.05
2026-03-20,55,1000403,2280.58
2026-03-01,27,1146877,1782.12
2026-05-30,38,188519,1119.68
2026-05-01,64,1127332,1647.63
2026-06-21,42,1063544,1235.29
2026-06-24,43,100167,2023.17
2026-06-09,59,22764,1251.91
2026-06-04,61,1742393,673.72
2026-05-03,35,120612,1598.22
2026-06-28,9,1640614,1208.38
2026-06-01,81,1108395,531.46
2026-03-03,59,115916,1630.28
2026-07-27,6,21330,1580.99
2026-05-03,56,19105,1327.00
2026-05-07,33,10518,1393.18
2026-07-01,55,1646734,1262.79
2026-07-07,42,94416,156.84
2026-06-02,82,1647113,244.35
2026-06-19,19,63832,2439.84
2026-03-28,27,1605751,833.40
2026-03-11,71,1162202,1426.34
2026-05-15,51,1594436,829.49
2026-07-05,45,1166819,794.11
2026-05-30,26,106934,1528.55
2026-07-09,28,61271,609.17
2026-03-20,73,17083,467.85
2026-03-23,26,1123574,707.83
2026-06-23,63,112410,1620.35
2026-06-05,26,20515,1172.07
2026-07-21,65,107753,1275.48
2026-03-02,37,1758504,1850.86
2026-03-12,76,1604096,714.75
2026-05-19,23,1097876,1514.04
2026-05-09,37,81294,1770.05
2026-03-10,18,1152294,2390.08
2026-05-10,11,1671698,166.77
2026-03-31,59,190202,1450.64
2026-03-05,57,65952,1388.08
2026-05-02,83,176248,130.71
2026-07-20,41,1111931,2171.66
2026-06-02,82,151398,778.66
2026-05-19,13,2075,968.40
2026-07-20,16,1137223,1730.16
2026-04-10,82,15960,1097.80
2026-04-24,79,86821,171.66
2026-03-13,18,1846746,147.44
2026-07-25,64,5262,1131.15
2026-05-11,75,1702666,660.66
2026-03-21,38,10613,290.47
2026-03-28,14,509,2034.21
2026-05-30,22,1149061300,1139.09
2026-03-26,14,640,1720.08
2026-04-24,44,11853,2323.94
2026-06-20,48,7707,422.04
2026-06-05,51,94517,100.18
2026-05-03,79,1024358,1556.77
2026-03-22,30,1762998,580.96
2026-05-18,60,11759,2271.60
2026-03-10,66,1000424,843.31
2026-05-21,71,1146826,831.80
2026-05-08,2,66502,1648.85
2026-03-29,73,1003942,2194.17
2026-06-26,1,78113,1829.65
2026-05-17,7,12343,1582.19
2026-06-27,70,14063,2410.25
2026-06-15,37,195952,1203.70
2026-07-24,70,10431,1672.61
2026-07-13,41,1166521,1773.39
2026-05-28,22,1113712,1888.14
2026-06-01,81,81936,1275.29
2026-03-14,72,67808,578.73
2026-04-20,39,53636,1865.90
2026-06-30,70,6585,1764.54
2026-04-02,51,82173,2436.73
2026-04-13,35,75906,689.73
2026-04-24,73,67681,940.16
2026-06-12,33,20209,1493.54
2026-03-22,9,161698,1574.49
2026-03-15,57,120660,253.53
2026-07-10,25,1600611,810.52
2026-04-11,37,63627,641.73
2026-05-08,22,1647528,2193.25
2026-03-02,47,1092445,226.58
2026-05-22,41,99622,1355.88
2026-05-09,35,182255,1055.61
2026-06-27,21,91792,1049.48
2026-05-07,82,49824,912.22
2026-07-27,21,14645,1815.70
2026-04-09,7,13509,1771.57
2026-07-16,22,87746,854.15
2026-07-20,32,118559,309.64
2026-04-22,49,1792869,1889.19
2026-04-10,67,115279,332.71
2026-05-08,49,10956,597.76
2026-07-04,17,2433,218.54
2026-07-25,47,1129898,768.75
2026-04-05,21,147349,1410.22
2026-06-06,39,1639823,1638.20
2026-03-04,7,1118510,2108.93
2026-07-25,61,1103776,219.70
2026-04-05,61,185990,1944.67
2026-03-20,86,1603464,638.91
2026-04-27,49,11641,1716.35
2026-07-20,34,79981,1487.75
2026-05-01,14,1644698,1256.99
2026-07-14,72,133526,1134.71
2026-03-09,30,1091387,2027.29
2026-07-05,76,1073153,1478.93
2026-06-15,49,1695791,175.91
2026-05-05,40,85938,1000.21
2026-03-18,3,1177172,1717.06
2026-04-06,10,1121545,565.74
2026-05-19,44,148733,1508.89
2026-03-22,36,179021,1137.83
2026-06-06,68,122215,498.99
2026-07-02,9,63299,1433.02
2026-03-11,77,3823,438.89
2026-05-12,30,192515,1887.03
2026-05-19,61,1704818,1237.15
2026-05-05,56,72195,1282.16
2026-07-27,69,107812,280.35
2026-03-11,37,1760483,178.56
2026-06-12,86,1805851,163.21
2026-03-24,10,1153911,2460.04
2026-07-27,66,1663885,1353.68
2026-07-11,67,106933,2317.83
2026-04-18,8,188519,2351.74
2026-07-17,20,1091921,223.83
2026-06-10,10,7794,674.57
2026-07-25,61,19013,230.28
2026-06-05,13,1769534,2032.30
2026-07-13,35,1623484,2119.45
2026-07-27,45,1665385,2074.25
2026-03-07,79,120767,1436.24
2026-07-24,81,1159695,1239.09
2026-07-15,40,70815,2145.74
2026-05-20,72,63789,1397.57
2026-06-18,84,107352,1509.41
2026-07-10,45,1794571,2052.19
2026-07-28,71,18358,968.98
2026-06-21,26,160134,1428.06
2026-04-13,39,1761082,732.31
2026-03-24,78,160161,1768.08
2026-04-24,2,44323,1970.42
2026-03-20,16,66814,2037.32
2026-04-16,52,85709,107.33
2026-04-11,23,1640903,904.53
2026-06-13,25,1130518,480.27
2026-05-07,74,8961,390.56
2026-03-23,83,157331,622.67
2026-07-15,20,8998,1725.74
2026-07-18,42,15475,813.51
2026-07-29,54,4941,1802.85
2026-06-03,38,1825437,452.22
2026-04-30,73,1176044,1475.57
2026-06-26,78,113536,399.44
2026-03-05,51,117908,694.35
2026-05-15,55,10709,2485.61
2026-04-03,52,2031,1203.00
2026-04-03,52,63885,1518.54
2026-06-26,52,116756,1427.72
2026-04-06,40,65753,1031.03
2026-04-18,3,1000478,1409.26
2026-04-02,75,630,1746.39
2026-05-27,15,49396,586.98
2026-06-14,52,16053,1883.24
2026-05-26,40,1094441,1471.04
2026-04-05,80,22892,1824.37
2026-07-10,44,9839,1797.34
2026-03-03,33,63705,647.54
2026-03-01,82,11725,682.73
2026-07-03,24,10173,1953.27
2026-05-24,61,138248,2318.73
2026-03-08,3,1643487,1260.57
2026-04-17,78,61512,1272.15
2026-06-12,35,20916,2211.30
2026-06-25,80,1635447,352.50
2026-07-23,39,1153331,1554.90
2026-03-31,3,162953,2306.65
2026-06-10,40,199576,1490.86
2026-03-07,87,190318,1176.22
2026-04-22,41,1001165,925.44
2026-07-11,45,1588999,339.92
2026-05-31,30,173257,1405.93
2026-07-18,18,930,1803.72
2026-04-23,6,1767443,160.31
2026-04-21,41,10518,428.55
2026-06-16,41,87480,890.06
2026-04-20,21,1649501,1663.59
2026-03-29,80,1068237,792.87
2026-04-28,4,66502,1148.45
2026-07-09,37,1170789,2166.43
2026-05-11,58,22912,419.76
2026-04-17,80,137525,1996.13
2026-04-03,60,1572112,141.72
2026-07-30,33,107428,626.81
2026-05-16,17,144998,2469.98
2026-03-12,51,11254,885.00
2026-03-17,15,107793,507.90
2026-05-24,61,10234,2324.36
2026-07-10,28,1635452,1743.44
2026-05-08,13,198462,267.33
2026-04-18,26,63652,874.55
2026-04-06,44,7999,2149.50
2026-06-07,56,48865,963.59
2026-06-09,78,15083,1253.81
2026-05-24,45,1129701,2370.75
2026-03-02,66,5351,1538.56
2026-04-30,8,159727,384.17
2026-03-12,53,1098657,295.04
2026-05-26,25,63695,1229.56
2026-07-08,61,1087586,2155.19
2026-03-14,23,1816655,1441.64
2026-04-11,83,10613,1156.99
2026-03-24,2,10780,2028.74
2026-04-12,76,12379,2413.75
2026-03-23,31,45300,1137.39
2026-07-21,65,155258,1810.22
2026-04-05,83,179021,168.98
2026-03-17,83,61641,1089.42
2026-06-05,57,99839,1117.96
2026-05-28,63,1091654,870.84
2026-06-18,82,22329,615.07
2026-04-17,39,106900,840.76
2026-05-20,36,126244,1907.01
2026-03-31,62,110085,1609.82
2026-05-25,58,51922,1464.78
2026-05-09,62,143361,889.40
2026-06-04,66,1127745,2073.16
2026-05-05,65,1610819,1875.47
2026-06-19,31,19276,813.90
2026-03-19,46,12897,2085.61
2026-05-13,27,78186,1175.59
2026-07-10,12,1127615,2006.90
2026-06-18,22,1098867,1253.47
2026-06-26,66,121286,1944.76
2026-05-02,82,12343,1807.75
2026-05-10,26,1671365,1410.31
2026-06-13,82,1664805,1260.64
2026-05-29,55,5748,2167.87
2026-03-13,84,1700331,1173.70
2026-04-15,54,1649335,1944.61
2026-05-04,16,1123001,1571.12
2026-07-14,6,1095610,1921.49
2026-06-14,25,1625374,2472.07
2026-06-09,20,94143,2478.72
2026-04-13,4,6999,123.15
2026-03-10,31,118665,1767.62
2026-04-16,42,1573331,1843.12
2026-05-16,45,1006482,2063.01
2026-03-16,12,67439,351.20
2026-07-22,42,113187,2110.60
2026-07-21,22,1819818,1296.98
2026-03-15,68,182835,1538.22
2026-03-30,80,1153331,1896.38
2026-07-10,59,10303,2345.01
2026-04-23,65,1764867,831.47
2026-04-29,14,180550,1124.64
2026-03-26,3,1592257,1529.75
2026-04-28,18,70637,992.77
2026-05-18,73,51879,2444.48
2026-07-02,26,1815535,671.51
2026-05-26,82,99446,1472.93
2026-03-12,6,1156439,2310.45
2026-05-06,53,1002223,2029.60
2026-05-23,8,198956,1337.04
2026-04-23,75,1096518,1581.75
2026-04-27,12,1690454,1889.88
2026-05-10,65,1807207,2063.79
2026-06-15,6,104692,1686.48
2026-07-25,87,85503,700.01
2026-07-09,57,155296,1512.16
2026-04-26,63,122460,1016.75
2026-03-01,27,1574114,2386.36
2026-06-19,74,130835,2368.85
2026-03-20,31,1787193,2054.76
2026-06-02,75,21799,707.92
2026-03-16,78,18470,2235.42
2026-03-25,1,1113630,462.84
2026-07-07,10,1670,333.45
2026-06-05,22,16085,295.55
2026-06-20,75,65949,1057.59
2026-06-04,57,153562,896.83
2026-06-21,80,10702,2252.92
2026-04-26,72,1079314,1284.36
2026-05-08,40,1044300,2267.55
2026-03-02,8,1102670,1786.65
2026-04-26,10,16149,476.31
2026-07-07,48,1001423,769.02
2026-06-05,40,86759,1156.09
2026-06-12,28,8832,999.32
2026-04-13,64,1032435,522.08
2026-06-17,4,119785,983.05
2026-07-04,71,22062,1194.75
2026-05-22,32,1814203,2341.16
2026-04-13,44,84936,607.99
2026-04-11,12,1149730,2323.16
2026-06-18,19,1000144,1988.49
2026-05-13,69,11344,773.97
2026-04-20,35,1710594,1548.96
2026-03-26,32,57557,2269.88
2026-05-26,41,197688,1351.26
2026-07-13,56,20755,2466.55
2026-04-01,2,1710346,2057.76
2026-05-31,49,199747,365.97
2026-07-15,40,8278,561.49
2026-03-23,20,1808955,2169.30
2026-06-23,48,1710,1347.31
2026-05-07,11,7348,845.50
2026-07-17,83,38985,2201.46
2026-05-11,37,148938,923.83
2026-04-16,78,16975,875.88
2026-06-18,6,2433,549.03
2026-07-25,70,154510,775.78
2026-05-02,62,1664461,808.18
2026-05-05,84,9895,355.50
2026-07-16,23,188603,1577.84
2026-05-24,73,921,2127.51
2026-04-16,10,13721,555.15
2026-06-30,3,14883,1869.22
2026-04-15,37,63567,2311.48
2026-04-09,37,63778,1457.16
2026-05-06,72,1106981,797.39
2026-03-27,63,82173,1376.30
2026-07-06,52,110093,610.84
2026-07-15,27,115228,1878.72
2026-06-14,65,20483,1983.27
2026-05-17,1,148589,1842.56
2026-05-10,45,1791535,2414.72
2026-06-25,67,1007066,1102.25
2026-07-07,54,9954,1261.68
2026-04-01,5,107359,1016.77
2026-03-04,77,1068955,2040.32
2026-03-02,30,70423,2456.73
2026-04-01,80,1134076,947.65
2026-05-26,22,67014,2252.20
2026-03-09,15,124415,114.08
2026-07-28,77,13926,2197.81
2026-03-04,74,2263,1646.69
2026-03-22,55,66168,136.46
2026-06-05,65,63617,2324.16
2026-06-25,82,1127167,456.27
2026-07-30,33,51930,2293.51
2026-04-15,5,7312,853.75
2026-06-09,11,130339,616.86
2026-04-15,28,1106130,146.07
2026-06-12,27,4901,2422.94
2026-07-28,75,1149070,2245.81
2026-04-22,5,106550,2047.86
2026-05-18,36,14766,408.46
2026-05-31,68,63638,1699.71
2026-03-11,46,102205,1386.77
2026-06-26,76,5450,1033.45
2026-04-15,42,99016,2330.39
2026-03-21,6,1071885,863.84
2026-03-08,47,40491,2035.52
2026-03-06,63,161698,300.90
2026-03-27,73,149462,620.20
2026-03-24,59,12564,746.33
2026-04-20,15,1829859,117.07
2026-04-14,66,185990,1828.02
2026-05-28,32,73829,1536.70
2026-04-24,38,1647218,530.84
2026-07-23,67,22370,330.03
2026-07-12,3,131760,2233.38
2026-07-11,42,1808869,1719.77
2026-03-20,43,1644529,410.90
2026-06-30,9,8057,910.33
2026-07-22,62,60781,164.21
2026-03-26,44,6737,543.19
2026-05-17,40,1095376,887.27
2026-03-26,1,1094023,190.66
2026-05-03,81,8283,145.83
2026-07-17,47,133020,233.31
2026-07-28,84,6236,271.56
2026-06-09,9,1744260,1121.23
2026-05-11,18,3190,286.94
2026-06-20,66,9981,1738.31
2026-03-12,87,107717,2216.67
2026-07-18,19,192515,936.09
2026-05-12,42,1111244,659.31
2026-07-02,44,4298,1245.38
2026-05-17,35,1087438,364.25
2026-04-09,10,199747,1192.93
2026-03-19,11,63514,1194.70
2026-07-09,33,148837,2070.39
2026-05-16,57,109730,205.25
2026-05-15,80,1132098,987.05
2026-04-01,34,1613362,2182.16
2026-05-01,63,18811,1779.71
2026-05-27,76,6608,2081.89
2026-06-02,74,15810,1637.17
2026-05-14,29,7707,1995.21
2026-04-03,14,1816711,949.15
2026-06-23,8,8199,1840.54
2026-07-07,53,3182,115.50
2026-04-10,3,1091148,1503.39
2026-04-19,40,1020968,823.74
2026-03-17,74,1138760,1354.84
2026-04-30,6,57601,997.34
2026-07-29,35,1098131,1788.31
2026-05-03,73,1152061,1599.54
2026-07-01,25,6154,694.78
2026-05-09,86,164912,2335.24
2026-07-15,2,1614271,770.93
2026-07-21,1,1114449,2120.97
2026-05-21,61,164136,2469.17
2026-05-08,15,164150,1856.39
2026-04-04,33,1110064,1017.84
2026-06-11,82,1791172,149.27
2026-05-28,61,8149,670.23
2026-03-10,6,1146954,1855.46
2026-06-25,24,15843,2298.61
2026-04-25,24,1083509,720.45
2026-04-23,43,19187,1923.39
2026-05-02,5,1575535,431.30
2026-04-11,45,1083747,194.89
2026-03-21,29,1695793,1855.76
2026-03-12,40,1142450,1915.39
2026-03-28,15,82406,1561.91
2026-05-04,87,80593,852.01
2026-07-29,15,107620,1371.52
2026-05-06,29,96027,1086.03
2026-04-10,76,1783320,2250.35
2026-07-23,56,1635452,1602.20
2026-05-21,85,1783209,971.99
2026-03-30,45,68888,2091.29
2026-03-01,4,199270,1212.32
2026-04-13,75,1163703,2148.12
2026-06-04,4,16659,1021.21
2026-05-26,80,1814,1417.56
2026-05-07,73,1586987,1821.64
2026-06-16,11,106935,1562.48
2026-03-31,61,154288,1887.49
2026-04-05,40,106381,673.81
2026-03-18,39,1144470,517.54
2026-06-21,3,115223,678.86
2026-05-20,45,10857,220.41
2026-06-24,55,2081,712.04
2026-03-17,62,110029,1687.64
2026-03-18,25,47067,1473.56
2026-07-20,51,110690,720.31
2026-05-25,72,5260,2319.63
2026-03-27,31,1799502,523.22
2026-04-13,66,74512,2346.32
2026-05-16,52,107300,845.63
2026-04-24,8,20400,1105.74
2026-07-02,67,1831708,1204.87
2026-03-26,15,11083,1311.59
2026-04-05,29,10747,1824.23
2026-07-03,82,14961,405.43
2026-06-11,54,1609387,1826.97
2026-07-19,45,1027905,1652.94
2026-06-27,12,1149840,2414.69
2026-04-17,16,120637,1221.97
2026-05-06,63,1163703,579.90
2026-06-11,87,10887,1668.18
2026-05-09,63,1771426,1360.54
2026-05-15,3,1002235,449.15
2026-05-11,43,199271,1143.29
2026-06-20,75,149539,237.33
2026-05-09,43,176175,569.39
2026-03-26,31,72370,559.22
2026-04-20,53,8057,1361.60
2026-05-13,55,10962,2033.64
2026-06-19,79,1135429,2487.08
2026-04-22,17,2481,1315.82
2026-03-18,6,12022,2444.72
2026-05-14,79,63299,1949.80
2026-05-14,45,20179,1747.08
2026-06-04,27,9804,1903.96
2026-05-15,54,11455,928.29
2026-06-11,72,1080193,1794.50
2026-04-17,57,15980,100.58
2026-03-29,50,12474,1154.59
2026-03-10,3,80593,2409.04
2026-07-06,43,1640903,433.93
2026-05-26,15,10448,1332.36
2026-07-24,67,1819818,107.07
2026-07-12,81,149082,307.16
2026-03-01,12,106905,1173.61
2026-05-29,51,1617742,1182.27
2026-07-23,76,1626554,2083.95
2026-07-13,67,1734212,128.63
2026-07-20,55,1831672,175.45
2026-05-06,47,176592,1735.64
2026-03-24,4,71676,840.56
2026-03-13,47,63364,2339.60
2026-05-22,24,121595,675.27
2026-03-15,21,151558,2422.60
2026-03-24,45,21670,256.17
2026-05-11,1,1614176,2350.33
2026-06-17,25,4475,1237.82
2026-07-09,4,1155277,460.36
2026-07-17,63,19100,1165.21
2026-05-04,5,189100,1043.53
2026-05-31,54,1774438,1169.61
2026-05-26,77,65599,1547.95
2026-04-11,51,1629022,642.39
2026-03-05,74,12474,1358.15
2026-06-07,38,20744,272.92
2026-06-17,74,8997,1548.14
2026-04-05,41,118457,389.16
2026-05-03,84,99377,2446.67
2026-03-04,47,1130942,1896.11
2026-03-19,44,162939,1572.05
2026-03-08,47,1626761,2056.57
2026-03-01,27,122890,2238.06
2026-07-26,66,1090234,937.13
2026-05-24,52,14327,1736.05
2026-07-13,15,58672,133.14
2026-03-02,38,6999,1786.15
2026-03-06,72,4522,380.31
2026-07-14,52,1174608,2045.20
2026-07-09,17,167707,1541.42
2026-07-09,53,107593,175.19
2026-07-07,13,1160949,952.90
2026-05-18,65,65579,2114.55
2026-07-17,71,1628433,1838.90
2026-07-11,34,159168,923.79
2026-04-29,10,4941,462.61
2026-07-20,54,42197,2363.31
2026-07-09,11,1007918,2412.66
2026-05-11,55,20818,989.07
2026-03-09,17,1139534,943.27
2026-07-20,30,1091367,2415.48
2026-04-08,5,1101255,1698.59
2026-04-09,19,1759203,1769.95
2026-05-23,26,82187,1241.64
2026-06-05,57,1776564,2383.81
2026-07-26,31,1112731,140.59
2026-04-06,67,1690243,1958.51
2026-07-30,43,45083,1501.01
2026-07-12,49,170810,1596.72
2026-07-25,7,1133710,1153.29
2026-07-09,68,138759,127.89
2026-05-20,66,12205,915.08
2026-04-03,62,41222,964.79
2026-07-10,1,1122341,1643.95
2026-05-10,23,16874,1120.62
2026-06-09,34,6144,1897.67
2026-03-11,73,10940,2087.94
2026-06-21,65,9575,1899.14
2026-06-03,13,69579,1246.27
2026-05-02,59,157022,1093.15
2026-05-09,28,13198,1953.12
2026-05-07,87,3885,2180.85
2026-06-17,50,107480,353.54
2026-07-03,7,52691,1594.19
2026-06-11,32,107607,1928.69
2026-04-23,14,20349,979.37
2026-07-16,79,139958,2049.44
2026-03-15,5,136272,591.37
2026-06-22,57,8281,248.65
2026-03-13,61,1149961,740.65
2026-07-26,73,10593,739.48
2026-04-18,55,14420,856.75
2026-03-04,60,123246,1711.78
2026-06-12,69,3141,138.03
2026-03-24,67,1154886,1536.55
2026-04-06,60,1600432,1014.66
2026-07-24,87,116681,1904.36
2026-04-16,68,62447,1889.74
2026-03-03,70,1174654,768.12
2026-06-20,65,16041,1661.08
2026-06-01,23,66968,831.94
2026-06-08,21,1788113,1910.46
2026-04-11,64,1089175,1433.98
2026-06-21,83,2959,2419.46
2026-04-19,32,147734,368.41
2026-06-12,1,185990,925.09
2026-05-31,55,66926,915.39
2026-03-18,27,191453,631.14
2026-05-21,81,1128469,433.24
2026-03-03,42,1039722,1404.43
2026-05-14,7,41676,2379.36
2026-05-04,3,47045,1609.29
2026-05-03,9,145356,121.08
2026-04-23,44,1831672,1127.75
2026-04-13,81,110904,213.31
2026-07-04,48,150818,1164.93
2026-06-28,29,1164263,1235.65
2026-04-01,56,41621,2466.95
2026-06-06,39,8992,1492.25
2026-04-20,19,18813,1279.97
2026-05-18,14,1808968,999.06
2026-06-06,12,4733,1915.74
2026-04-25,69,169900,927.64
2026-05-12,38,1688160,1114.36
2026-05-20,57,1156902,1224.31
2026-05-29,46,1600814,1584.64
2026-06-27,6,127097,1192.90
2026-04-18,72,63514,972.58
2026-06-20,20,1106205,184.12
2026-05-22,72,97706,773.89
2026-03-24,32,1596075,676.78
2026-03-27,43,102430,223.72
2026-07-26,37,63836,334.21
2026-07-07,75,2089,1000.31
2026-04-21,77,14652,1541.59
2026-04-01,13,131183,2372.94
2026-05-15,64,112705,162.70
2026-04-07,86,1586987,2263.97
2026-07-12,34,1702709,432.11
2026-03-29,80,1006065,2199.83
2026-03-26,40,107636,2066.83
2026-07-02,1,1646402,1408.53
2026-05-06,35,5499,367.33
2026-04-21,2,8885,824.61
2026-06-28,42,76434,1305.40
2026-07-03,14,40456,1157.70
2026-05-19,48,185059,1943.76
2026-07-27,82,96018,2153.37
2026-04-23,11,85658,2421.91
2026-06-18,28,236,1283.95
2026-06-12,14,147666,1002.95
2026-07-24,1,1114450,1917.83
2026-06-19,84,3885,1265.57
2026-05-30,15,1607834,1655.49
2026-03-25,10,5117,842.54
2026-04-15,3,1122341,1158.05
2026-07-09,8,1811215,1648.89
2026-04-22,32,1615456,581.70
2026-07-06,59,1103466,2497.25
2026-05-20,18,14642,2341.00
2026-07-10,31,1664808,744.34
2026-05-01,87,19076,137.63
2026-03-08,10,1095648,2497.93
2026-07-26,1,18340,100.14
2026-07-30,78,1132568,972.97
2026-03-05,57,42621,164.98
2026-03-26,39,1125847,2467.11
2026-03-17,50,1002223,1415.97
2026-05-17,39,157950,574.06
2026-04-02,82,117703,1642.15
2026-07-07,13,1010078,601.17
2026-03-07,7,1070456,1020.80
2026-03-22,35,1130092,1892.62
2026-07-23,4,72128,1708.17
2026-04-12,35,14084,1604.12
2026-05-16,81,7080,2044.24
2026-04-05,65,1671816,323.69
2026-03-07,16,99999,1156.39
2026-05-11,72,76244,2353.45
2026-04-12,72,116694,1034.47
2026-07-30,62,21612,1779.95
2026-05-04,76,9057,835.96
2026-03-02,40,17012,2103.43
2026-05-06,75,13731,399.85
2026-03-26,49,85167,746.48
2026-03-04,62,1082288,563.59
2026-07-08,64,7709,2176.65
2026-07-03,49,118503,733.99
2026-07-15,24,8816,2002.47
2026-05-03,52,1122269,1523.67
2026-03-15,65,148956,1819.50
2026-05-20,8,1575151,475.00
2026-04-07,61,126489,1945.33
2026-05-04,63,97572,1854.61
2026-03-07,44,1001223,1378.28
2026-06-11,51,94336,1781.50
2026-05-02,81,1129407,1338.61
2026-05-08,25,8992,1318.58
2026-03-22,33,19577,531.06
2026-06-30,8,20322,1483.88
2026-04-16,80,1077846,1558.13
2026-07-06,73,1776903,944.81
2026-03-11,15,1126414,1180.21
2026-03-07,14,1645540,870.33
2026-04-12,67,63792,1415.02
2026-05-04,52,16604,175.22
2026-07-12,3,8483,283.03
2026-04-29,59,80902,860.52
2026-07-27,32,1006484,1819.57
2026-03-18,63,65280,2495.22
2026-04-14,16,67182,2477.61
2026-07-13,44,106933,1841.85
2026-07-03,23,10264,1374.47
2026-03-06,27,1083937,690.94
2026-07-26,2,65798,1807.48
2026-06-09,73,37852,628.24
2026-06-01,15,1600432,2384.67
2026-05-26,23,150415,239.42
2026-04-03,87,1887,1691.16
2026-07-07,45,5117,2162.32
2026-06-16,83,199775,1862.73
2026-05-31,35,63578,314.55
2026-04-13,85,66950,197.57
2026-03-08,57,1764618,2068.78
2026-04-04,21,1568705,478.65
2026-07-29,38,107588,1306.53
2026-07-25,84,1668943,119.36
2026-06-17,7,146190,715.98
2026-05-10,34,190060,2321.58
2026-03-07,75,3662,2412.17
2026-03-15,33,651,1776.44
2026-06-18,72,99485,335.12
2026-06-21,43,12990,552.10
2026-03-17,47,44773,644.40
2026-07-19,43,7142,907.78
2026-06-21,45,1173297,1248.27
2026-05-17,38,1593128,2254.24
2026-03-14,77,1702666,1979.49
2026-07-10,38,12343,430.75
2026-07-10,49,123246,1402.36
2026-05-03,68,1039615,699.30
2026-07-15,7,1612859,682.11
2026-05-02,30,1131366,592.41
2026-04-21,25,48761,354.71
2026-07-23,69,146864,1275.48
2026-05-21,67,17441,2340.14
2026-07-15,70,53286,1824.64
2026-05-20,30,106349,171.99
2026-07-19,70,1132424,755.92
2026-05-07,54,1057827,928.27
2026-03-06,20,107433,2154.25
2026-04-09,11,124407,1121.11
2026-03-25,24,42995,774.56
2026-04-18,74,153562,1297.30
2026-05-31,16,5821,2443.05
2026-05-18,54,1094735,1941.39
2026-04-08,59,17288,1703.07
2026-06-10,80,1783320,189.96
2026-05-11,13,1160929,1419.08
2026-04-01,87,56734,2376.89
2026-06-09,14,10448,1599.69
2026-03-13,9,76136,864.59
2026-07-11,48,3133,1245.92
2026-06-28,3,17190,1342.14
2026-04-02,23,1159368,1389.01
2026-04-12,37,18501,2278.91
2026-04-09,62,1608183,699.78
2026-03-27,79,107590,402.11
2026-07-30,35,142031,2422.96
2026-05-04,55,1027905,2082.81
2026-05-31,64,1122269,1743.68
2026-05-21,40,1061432,230.49
2026-06-07,32,1571803,1318.13
2026-07-01,82,20344,2307.11
2026-04-08,79,148956,651.33
2026-06-27,5,82203,1156.65
2026-05-10,87,41421,394.63
2026-06-27,74,1664460,894.30
2026-05-26,36,15753,1321.56
2026-05-05,10,68690,723.82
2026-06-25,25,107443,1035.25
2026-04-07,7,8816,2431.16
2026-03-20,18,107350,2182.47
2026-05-21,21,1784777,2187.71
2026-06-14,35,65763,752.00
2026-04-02,16,1969,755.69
2026-07-20,48,22890,445.04
2026-07-24,44,41242,1409.08
2026-05-01,66,15134,1589.83
2026-06-19,48,176718,1035.44
2026-04-18,52,5154,321.48
2026-07-18,17,65947,1356.37
2026-05-11,79,131183,894.75
2026-07-17,34,1820318,1274.93
2026-03-11,78,52729,2329.19
2026-05-02,59,1579143,1519.52
2026-07-27,79,95402,1810.71
2026-04-14,36,43692,929.37
2026-07-28,72,106932,1252.07
2026-05-16,64,1173908,2281.40
2026-05-25,8,1610818,359.21
2026-04-21,54,1607056,1818.06
2026-06-06,24,1071923,2189.75
2026-06-23,50,4522,2383.38
2026-03-25,81,1080322,210.42
2026-05-15,56,156981,2092.23
2026-07-16,41,135237,563.62
2026-04-07,67,11287,482.55
2026-03-01,53,1099287,1572.85
2026-05-13,4,63364,1270.90
2026-05-12,33,14416,1566.27
2026-04-04,21,143614,399.26
2026-03-11,53,91005,2199.65
2026-03-27,24,48566,2321.43
2026-07-08,50,10780,1622.37
2026-06-23,14,136557,2206.56
2026-07-19,32,1583847,1881.16
2026-05-10,4,97189,1287.82
2026-06-21,24,1602929,2386.96
2026-05-18,65,1079979,673.85
2026-07-13,61,22891,1067.46
2026-04-26,38,1604623,2402.06
2026-03-04,62,80585,827.85
2026-03-31,50,13583,458.56
2026-03-02,6,1098131,1737.02
2026-03-21,68,149135,2029.87
2026-03-17,44,1819240,1891.00
2026-07-25,24,3477,991.95
2026-05-30,20,186972,1536.70
2026-05-01,69,12436,1555.76
2026-06-17,28,20305,922.98
2026-06-04,4,19678,1640.50
2026-07-17,52,1118415,489.80
2026-07-27,55,2837,1761.32
2026-06-23,37,1806740,2055.30
2026-07-19,39,1590796,2136.71
2026-03-12,67,7063,413.24
2026-06-24,66,80575,284.94
2026-03-11,46,14155,340.19
2026-05-08,34,168728,963.66
2026-05-27,14,117663,2045.21
2026-03-26,3,608,2359.29
2026-07-27,67,1107355,1924.66
2026-04-30,82,20349,553.74
2026-06-06,10,159452,1730.84
2026-04-05,82,4789,422.09
2026-05-13,48,1145871,539.17
2026-04-30,41,62578,2265.42
2026-03-23,15,4692,1642.70
2026-03-30,76,1102538,513.91
2026-06-08,76,152544,2486.07
2026-03-02,84,75202,168.49
2026-07-02,18,76708,2386.88
2026-03-28,54,1110064,2178.88
2026-06-09,63,15909,1767.88
2026-07-14,59,122459,1589.65
2026-04-27,24,2481,2207.86
2026-06-23,53,1657021,2320.48
2026-07-19,43,65793,166.61
2026-04-27,49,1149840,737.05
2026-05-12,25,1120255,607.71
2026-07-27,69,1653929,382.90
2026-07-17,44,18371,2098.39
2026-04-17,77,18318,248.77
2026-04-01,73,1039614,1660.20
2026-07-27,7,108005,1471.82
2026-05-01,59,41529,712.53
2026-04-04,48,1099512,1209.87
2026-06-01,15,107329,1722.86
2026-03-19,68,1091337,1193.44
2026-05-04,21,1053418,541.13
2026-06-03,59,8966,1001.17
2026-04-14,49,13500,614.09
2026-07-29,6,14416,953.54
2026-05-21,1,4282,2479.44
2026-05-18,21,134064,2053.36
2026-05-31,40,1094655,2287.56
2026-03-22,3,1120517,1745.04
2026-05-03,62,12285,317.45
2026-03-15,2,190769,122.84
2026-05-09,61,1000983,2222.36
2026-05-26,5,18320,1335.72
2026-05-23,22,91480,1551.13
2026-05-22,58,143467,1179.90
2026-07-28,70,108006,1686.09
2026-07-02,16,41421,1173.82
2026-03-08,7,107743,758.67
2026-06-06,13,1116744,719.12
2026-03-24,56,6033,184.47
2026-05-02,81,1105425,387.02
2026-06-11,28,1171340,729.27
2026-05-11,53,165304,1054.59
2026-05-01,64,66654,350.34
2026-03-05,32,1096518,737.93
2026-07-25,71,154204,156.07
2026-05-23,19,52996,2018.31
2026-07-23,64,1596812,730.23
2026-04-27,24,7793,1848.81
2026-05-15,11,950,2182.23
2026-04-07,13,73393,950.38
2026-03-24,25,164545,827.64
2026-07-21,71,53454,1948.61
2026-03-13,73,107717,1535.92
2026-07-18,63,5993,439.98
2026-05-19,31,1117445,1029.13
2026-06-02,79,104604,1192.25
2026-03-30,84,61394,1125.44
2026-07-04,78,106240,1183.05
2026-06-04,66,86144,1310.30
2026-06-23,68,96707,2431.83
2026-07-05,82,1101212,623.65
2026-03-22,31,65638,957.34
2026-03-23,82,1008792,1177.59
2026-05-09,71,1605984,179.68
2026-04-14,30,151943,1646.89
2026-07-12,19,129890,1698.31
2026-04-07,51,17288,1230.48
2026-06-07,62,22371,372.42
2026-04-26,57,107329,1158.64
2026-05-13,28,22311,133.74
2026-07-14,73,169887,1737.49
2026-07-26,69,10984,676.35
2026-05-26,81,3333,979.20
2026-06-20,66,3392,1160.59
2026-03-14,40,20400,949.31
2026-05-12,80,1669966,178.09
2026-04-02,27,1005700,1890.03
2026-03-28,36,20695,1784.70
2026-07-26,74,19218,2047.54
2026-05-04,34,14155,286.89
2026-04-24,82,22227,2350.51
2026-05-18,85,67683,504.70
2026-07-24,45,58732,1421.29
2026-06-20,48,4091,1829.14
2026-06-02,34,1006083,1662.81
2026-04-20,27,122215,1936.76
2026-05-20,3,18740,927.80
2026-03-14,80,1594613,2491.16
2026-06-01,2,9721,1537.54
2026-04-07,49,76434,838.83
2026-06-07,8,80831,135.51
2026-05-22,64,1125619,2482.47
2026-07-21,43,63512,121.25
2026-03-02,54,95402,578.50
2026-03-08,73,1114979,1206.38
2026-04-27,46,41263,1406.58
2026-05-19,9,1603361,1952.23
2026-06-11,27,131176,180.43
2026-06-27,22,65651,418.90
2026-03-25,14,1592390,445.32
2026-05-09,31,1089484,2480.47
2026-03-05,69,66876,704.98
2026-03-30,31,1080965,2238.55
2026-07-13,45,100096,873.54
2026-03-11,63,65280,208.99
2026-06-10,57,1650723,357.48
2026-07-25,80,138677,2494.05
2026-03-15,1,16037,633.51
2026-04-21,27,136850,1261.85
2026-04-04,34,61772,2012.82
2026-03-04,75,178528,817.02
2026-05-02,63,1574120,269.52
2026-03-30,30,113827,151.05
2026-05-02,54,41090,1534.54
2026-07-28,2,66502,887.27
2026-04-10,14,63834,2355.43
2026-05-13,23,47754,1550.59
2026-04-09,68,42196,364.30
2026-05-31,8,1127329,292.63
2026-04-28,77,186972,124.07
2026-07-22,60,1109704,609.31
2026-07-25,6,1180682,2103.38
2026-03-16,41,1172923,1068.18
2026-07-14,25,1778684,383.67
2026-06-08,40,141316,474.76
2026-06-29,48,114929,566.33
2026-07-11,28,1006885,1277.77
2026-06-20,60,20847,661.53
2026-07-14,39,1002251,233.40
2026-05-28,45,165791,713.66
2026-05-14,57,66926,290.43
2026-06-12,78,1708625,1241.67
2026-06-23,76,1095147,2317.23
2026-06-04,39,1096592,1997.77
2026-07-19,77,22332,1581.25
2026-07-05,23,107415,2205.86
2026-05-06,69,1151504,825.60
2026-03-26,83,1032935,2433.35
2026-06-08,8,1127613,2397.79
2026-03-26,62,1122341,1395.47
2026-03-05,5,3494,512.80
2026-06-11,74,1115072,2248.84
2026-03-23,75,1083829,1774.31
2026-07-23,20,1122129,278.20
2026-04-04,48,107588,1483.29
2026-05-21,49,107588,763.98
2026-04-12,69,1570969,1704.75
2026-07-06,80,117758,2104.73
2026-05-24,43,1026597,2382.19
2026-07-10,46,3130,1912.16
2026-03-08,11,107740,1611.01
2026-05-05,14,1763694,1097.84
2026-05-12,35,1807220,1468.51
2026-07-14,10,17174,1954.28
2026-05-11,18,20654,1217.58
2026-04-13,45,144522,456.83
2026-07-16,20,9273,977.14
2026-05-02,62,1126769,2082.68
2026-05-10,27,66572,737.26
2026-06-21,68,94587,536.19
2026-03-12,27,65663,425.80
2026-06-27,15,1695149,606.75
2026-03-10,28,20976,890.77
2026-03-07,28,1000044,1635.70
2026-04-05,5,163824,2288.55
2026-05-21,31,22893,1932.14
2026-03-29,13,53416,1454.54
2026-06-03,61,72269,2291.26
2026-03-08,38,175781,2255.71
2026-04-26,87,1054360,248.36
2026-05-12,60,133984,111.10
2026-05-02,19,7592,1698.16
2026-04-10,61,9854,2395.64
2026-06-05,21,138048,401.49
2026-04-21,45,8992,286.90
2026-07-12,35,6236,1654.90
2026-03-28,55,7793,444.77
2026-07-14,13,1043867,693.46
2026-05-01,12,107817,1857.75
2026-03-18,19,107895,1066.26
2026-06-23,36,1129573,2135.28
2026-03-31,51,9144,853.58
2026-05-18,36,48061,938.35
2026-03-05,50,78904,155.28
2026-06-07,21,1770988,1217.83
2026-06-24,7,19141,532.84
2026-07-03,10,70535,281.08
2026-07-16,86,174768,2430.23
2026-03-23,33,15101,471.23
2026-06-06,58,1153834,2105.54
2026-03-12,56,87480,2103.50
2026-04-19,30,1770872,1004.32
2026-07-11,84,31702,1055.43
2026-03-20,48,134064,932.66
2026-03-18,34,1054797,1417.45
2026-04-01,70,82576,180.70
2026-03-31,63,1652919,1396.05
2026-03-03,50,93797,937.76
2026-06-23,25,1132098,2366.39
2026-07-21,28,149617,981.44
2026-03-31,23,1575505,1567.57
2026-03-22,72,109180,1929.57
2026-06-27,44,89161,633.16
2026-06-15,63,15057,1761.90
2026-03-16,42,156532,194.99
2026-07-21,33,107433,2412.98
2026-06-18,53,7924,978.99
2026-06-08,69,730,2074.97
2026-04-19,55,1087586,2345.99
2026-06-07,20,1103169,1090.14
2026-03-15,35,1125463,1429.18
2026-04-26,65,1114695,1137.12
2026-05-26,28,21422,1569.39
2026-06-19,23,1091785,2115.02
2026-04-30,77,1708624,1347.91
2026-07-12,52,1093183,1614.76
2026-03-04,55,51730,1966.76
2026-07-16,42,74492,1695.73
2026-04-15,84,15843,820.26
2026-06-22,10,6008,2185.18
2026-03-13,76,15589,1576.56
2026-03-07,46,15000,1818.98
2026-07-07,52,117022,2167.35
2026-03-05,47,66715,2213.63
2026-06-05,58,199188,1740.97
2026-07-03,48,1814696,1431.32
2026-06-29,74,1593128,2326.74
2026-07-12,49,86144,951.55
2026-03-04,16,1090965,288.02
2026-03-18,27,1615486,1875.43
2026-07-07,47,144998,2491.21
2026-06-18,51,14961,215.16
2026-07-12,54,1154327,644.68
2026-03-06,55,1030776,683.44
2026-03-28,83,125605,2110.32
2026-05-04,15,79240,2227.87
2026-07-12,55,72149,2424.38
2026-05-22,22,93041,1985.22
2026-06-11,9,17746,2017.47
2026-05-30,75,94416,2235.31
2026-05-23,11,509,2310.02
2026-05-10,40,13224,779.54
2026-07-28,35,1008355,2236.39
2026-04-04,3,156259,580.46
2026-07-29,18,1643864,1707.06
2026-05-20,55,12890,107.58
2026-07-26,57,1764887,117.01
2026-03-20,51,1166202,1359.24
2026-04-01,80,1018806,386.93
2026-06-26,41,10193,2439.89
2026-06-29,87,129890,793.83
2026-06-23,37,22227,1585.55
2026-06-12,51,3084,1588.02
2026-06-07,59,1107165,1957.86
2026-06-15,60,197955,1511.94
2026-04-26,58,65588,1795.67
2026-05-20,35,66898,2285.54
2026-03-17,60,18331,313.25
2026-03-23,39,66572,916.41
2026-06-29,77,78904,2093.89
2026-04-28,63,837,1874.60
2026-04-14,24,1136840,804.18
2026-07-06,71,63673,1675.87
2026-07-28,13,1790913,495.98
2026-06-11,87,1113743,2106.18
2026-04-05,45,1613348,1349.76
2026-04-18,61,1600096,1747.65
2026-07-04,25,1144560,1435.46
2026-03-11,44,120984,1242.10
2026-04-20,61,67098,2192.54
2026-06-18,32,1816213,631.32
2026-06-06,24,21797,2425.39
2026-06-13,29,151558,585.23
2026-04-21,38,1094430,1393.54
2026-05-16,75,104700,541.39
2026-04-23,39,4110,184.49
2026-06-25,21,65997,967.17
2026-03-19,46,12044,1862.33
2026-03-31,3,1082140,1841.89
2026-03-13,12,78415,249.62
2026-07-10,85,111621,262.21
2026-04-17,41,1811524,708.03
2026-06-21,34,159676,271.69
2026-06-27,4,11250,1862.12
2026-04-08,34,116694,1555.69
2026-05-24,66,1589518,245.85
2026-05-10,26,5403,479.96
2026-06-21,62,1601371,2090.09
2026-04-10,5,9264,1200.36
2026-05-29,68,107180,649.65
2026-04-21,45,9721,962.29
2026-06-11,37,1742489,2022.26
2026-06-12,23,82680,186.09
2026-06-14,32,107850,1934.77
2026-05-19,35,18421,962.57
2026-07-11,34,1808491,1051.90
2026-07-22,83,6925,162.66
2026-03-12,56,10401,1856.43
2026-05-31,26,1661921,1624.10
2026-05-24,86,1594687,1785.03
2026-06-19,72,1132010,1817.91
2026-06-06,4,1743247,1395.79
2026-03-23,87,122492,1558.21
2026-03-12,77,11393,1567.06
2026-06-09,20,124415,1897.98
2026-06-11,81,65518,768.41
2026-06-14,22,95406,2074.04
2026-04-20,19,67348,719.86
2026-04-25,31,1643564,1845.71
2026-07-19,6,159727,746.83
2026-03-15,17,1698836,1713.30
2026-03-13,34,61003,1251.09
2026-05-29,77,113000,1252.29
2026-07-19,24,8912,1004.62
2026-05-18,35,106909,2258.20
2026-03-12,17,102835,2234.45
2026-03-06,48,1108259,385.05
2026-05-06,7,5450,1775.52
2026-07-30,7,22621,2229.71
2026-06-23,87,164728,120.54
2026-04-21,65,16051,960.65
2026-07-07,56,198468,2363.21
2026-04-26,27,78397,1398.94
2026-05-12,51,1171340,669.30
2026-03-22,72,132291,1159.73
2026-05-22,25,4949,354.57
2026-06-05,52,10303,728.10
2026-04-26,27,119414,163.24
2026-03-23,36,5298,2034.79
2026-04-20,21,104521,1695.89
2026-05-18,56,63767,1580.88
2026-07-27,18,66823,1591.06
2026-05-09,27,1568749,1272.37
2026-06-04,72,115882,1506.06
2026-03-17,40,107856,1674.96
2026-04-02,5,1733898,1475.70
2026-06-14,70,7301,1499.22
2026-05-25,61,8886,1109.99
2026-03-10,4,1700977,2474.84
2026-04-15,72,7081,1888.48
2026-07-11,6,1114376,1200.35
2026-03-11,59,1122341,1670.05
2026-07-01,51,76356,1548.41
2026-06-01,55,125865,1726.81
2026-03-07,32,105266,444.57
2026-04-30,17,1525328,1543.48
2026-04-07,55,1733711,1285.78
2026-05-21,53,5869,1899.98
2026-06-24,16,1006390,2087.27
2026-05-11,19,133953,1582.57
2026-06-05,66,837,1535.95
2026-04-12,56,160757,2295.07
2026-05-02,87,1127613,1508.90
2026-07-20,51,106934,345.85
2026-07-23,13,1010078,2420.82
2026-07-12,13,165711,1687.79
2026-07-01,81,71676,836.19
2026-04-10,1,102438,1464.25
2026-04-14,56,1108199,2280.58
2026-06-04,9,18457,134.95
2026-06-23,21,96141,2403.97
2026-05-22,75,98127,1580.91
2026-05-22,87,12205,2471.46
2026-03-25,71,80142,1952.67
2026-06-18,18,1000403,795.74
2026-07-13,27,46925,472.16
2026-03-20,28,1121505,665.39
2026-06-21,79,1808122,436.83
2026-07-24,20,106349,432.33
2026-03-29,6,133421,321.08
2026-03-29,26,8993,2138.47
2026-06-11,71,5349,1786.14
2026-06-20,72,15789,2379.53
2026-05-18,9,78904,1389.06
2026-06-01,8,1153052,906.92
2026-03-05,5,1175404,2405.60
2026-06-04,36,100104,301.76
2026-05-13,24,1116006,829.67
2026-03-29,51,8961,2377.50
2026-03-01,50,58456,376.87
2026-06-25,66,1132568,745.21
2026-06-09,61,107739,961.23
2026-07-07,78,93398,101.32
2026-05-29,82,1688426,545.20
2026-06-13,63,63627,1178.50
2026-07-18,44,1661519,1093.47
2026-05-01,12,73393,2347.99
2026-04-02,38,1029041,1579.03
2026-07-28,22,22171,981.03
2026-03-21,8,1022422,1942.61
2026-05-31,82,1775869,1392.13
2026-06-17,22,137343,1875.48
2026-03-17,64,1594436,1085.62
2026-05-09,55,3633,261.29
2026-07-18,76,1797975,884.92
2026-03-31,1,1167925,1135.62
2026-06-25,42,19076,444.45
2026-06-13,75,1132271,893.92
2026-05-01,80,1022422,1760.69
2026-03-04,30,1653253,1089.65
2026-05-04,73,155644,402.77
2026-03-06,32,1100678,561.94
2026-07-23,31,18811,1103.84
2026-04-07,85,140651,1489.46
2026-06-08,2,172190,1283.63
2026-05-28,79,71637,877.38
2026-07-22,20,1828617,1331.20
2026-03-17,44,7027,561.18
2026-05-30,71,1718726,297.07
2026-06-04,4,92791,1581.56
2026-03-15,52,105367,310.27
2026-06-25,24,21389,1956.69
2026-04-27,71,16136,2155.20
2026-07-26,26,1663797,2142.12
2026-04-07,34,148839,701.78
2026-03-04,19,1101204,1872.26
2026-07-24,10,20394,383.36
2026-06-28,83,10705,2308.70
2026-07-27,20,2395,1744.44
2026-03-21,16,14874,309.65
2026-07-16,60,1569761,1239.00
2026-03-22,50,14652,219.71
2026-03-03,17,1625253,654.86
2026-06-15,53,107682,1696.97
2026-05-10,17,140850,198.19
2026-04-22,84,1104412,178.10
2026-04-17,66,1768885,209.97
2026-03-16,52,68745,1800.86
2026-06-24,56,1133562,1135.69
2026-04-20,80,123246,263.12
2026-07-03,63,1671447,550.60
2026-04-23,75,135956,1380.94
2026-03-05,55,11206,2009.00
2026-03-05,36,107673,297.94
2026-04-18,79,1130552,1397.73
2026-04-03,49,107931,1428.17
2026-04-10,13,114123,1603.49
2026-04-07,65,16864,743.61
2026-04-07,53,121286,1725.32
2026-07-14,72,129596,1611.62
2026-06-27,25,1838331,577.59
2026-07-11,61,16630,854.50
2026-03-17,63,1112731,1927.87
2026-03-07,50,1118415,2482.71
2026-06-19,19,1130849,1448.77
2026-05-20,29,1121844,2390.08
2026-07-10,45,4144,1838.74
2026-06-11,68,6112,531.03
2026-07-15,11,1594657,1806.17
2026-05-02,50,185990,1463.40
2026-05-12,77,20275,1159.23
2026-07-25,25,66296,1076.08
2026-06-14,43,1153052,332.29
2026-06-02,22,10901,1824.18
2026-03-18,71,53012,545.94
2026-07-17,85,189376,2061.71
2026-06-27,46,71889,2209.69
2026-05-07,63,65581,2030.29
2026-03-08,82,1026364,455.35
2026-04-26,12,12845,1956.09
2026-05-01,25,1698832,1050.39
2026-04-04,19,196656,592.73
2026-06-22,82,1808966,714.01
2026-05-27,55,1135945,1405.81
2026-05-02,49,63731,567.84
2026-03-14,28,81108,1143.66
2026-05-13,42,63606,761.31
2026-03-01,34,1802748,442.16
2026-06-24,45,1594436,1020.88
2026-06-19,83,15604,1687.34
2026-07-14,80,163459,2392.37
2026-03-07,51,10257,330.40
2026-04-04,85,1101438,1857.44
2026-07-17,61,10148,783.62
2026-06-05,16,4998,2083.02
2026-05-20,18,99542,1949.94
2026-07-27,74,2181,1534.63
2026-03-03,21,105813,657.97
2026-03-10,1,1772491,1621.50
2026-07-21,61,3093,1059.96
2026-07-27,20,135055,1814.21
2026-05-03,10,11328,1832.42
2026-05-03,22,142549,475.65
2026-04-30,72,188603,307.95
2026-05-23,26,107950,1424.56
2026-07-19,86,62929,1550.72
2026-06-08,35,1146467,1223.05
2026-06-21,34,1796572,2158.66
2026-07-30,50,107797,1806.43
2026-06-26,66,18502,2312.59
2026-06-13,29,50936,2147.27
2026-07-13,15,1050792,2085.28
2026-07-14,59,63701,125.12
2026-04-17,25,1156556,1896.13
2026-03-02,16,178528,180.12
2026-07-27,80,84021,2093.40
2026-06-26,63,12047,376.24
2026-06-28,51,1700595,2266.70
2026-04-07,52,199086,1273.50
2026-05-21,7,7116,1048.54
2026-06-10,22,1621,1190.44
2026-05-27,80,79614,2497.71
2026-05-04,66,11251,878.25
2026-06-01,50,1615898,827.50
2026-05-30,26,16975,1745.92
2026-05-21,39,65740,690.69
2026-05-20,53,1646541,2442.32
2026-05-16,57,67320,1644.18
2026-06-01,76,1151525,595.04
2026-03-08,82,1740321,2090.53
2026-06-29,30,2538,422.81
2026-07-10,20,63719,1097.30
2026-03-13,43,176642,590.78
2026-05-08,25,6909,1435.84
2026-03-30,80,1039856,407.80
2026-06-07,2,1650386,1184.07
2026-06-13,52,15271,1939.95
2026-04-18,45,104700,2138.97
2026-06-24,68,94314,1345.59
2026-03-28,7,41817,2473.69
2026-06-20,34,13996,1054.34
2026-05-02,7,50103,720.78
2026-03-29,3,1780288,108.24
2026-04-24,14,175625,1729.23
2026-07-15,17,63526,183.89
2026-03-29,42,1125374,2297.21
2026-04-22,36,1156442,1335.87
2026-06-25,36,147099,1450.30
2026-03-22,3,112012,1145.49
2026-03-29,46,57557,1024.18
2026-04-07,8,50556,976.80
2026-03-05,62,78904,2226.96
2026-06-09,13,1000144,220.43
2026-07-20,87,1600733,2433.71
2026-07-01,24,104081,1823.97
2026-03-16,5,1571797,496.15
2026-05-15,40,14429,1512.05
2026-04-23,59,1593676,2150.67
2026-05-05,55,12238,1027.19
2026-06-28,32,18371,922.66
2026-04-09,51,3392,925.97
2026-04-10,57,108338,1464.64
2026-03-30,58,1695791,2018.96
2026-06-15,40,20744,1494.21
2026-03-04,17,182813,1016.76
2026-06-23,64,1007066,1048.34
2026-03-04,68,1136819,451.26
2026-04-12,87,1146826,1066.45
2026-06-30,59,172625,982.15
2026-07-11,64,1808967,1063.33
2026-03-08,87,16664,1843.31
2026-04-26,30,1145053,2330.64
2026-07-17,28,120034,687.05
2026-04-16,10,14737,1874.20
2026-07-22,22,1585858,347.90
2026-07-24,53,146255,1926.67
2026-07-15,61,65730,381.79
2026-07-30,35,1759627,1257.56
2026-03-05,48,71204,1225.35
2026-07-03,73,107713,2066.34
2026-04-11,75,14375,1033.68
2026-04-16,9,1159674,1571.16
2026-04-26,25,8351,298.02
2026-04-15,27,10956,1545.18
2026-06-03,2,72269,1741.22
2026-06-19,21,1103776,1694.14
2026-06-27,63,1690243,343.72
2026-05-29,31,1651519,914.77
2026-07-25,80,1122269,764.70
2026-04-18,52,97169,1576.22
2026-04-08,84,89243,2040.47
2026-06-13,48,90198,1545.32
2026-03-20,70,8480,1528.47
2026-05-29,43,14303,1534.49
2026-07-14,63,1117445,1155.56
2026-05-28,74,47661,2447.62
2026-05-28,66,4990,1776.17
2026-04-17,43,1083233,685.84
2026-04-25,68,1121329,1595.63
2026-07-12,17,1796030,491.72
2026-05-31,16,1117748,1849.48
2026-06-28,79,11495,923.31
2026-04-06,74,107378,496.67
2026-07-02,8,50556,1633.67
2026-03-10,74,1118605,1896.06
2026-07-28,69,126528,728.05
2026-07-20,43,65581,1133.75
2026-06-07,13,63552,360.73
2026-03-30,51,58889,1085.71
2026-03-24,37,75934,1463.33
2026-06-12,28,110029,1935.10
2026-07-29,3,6608,943.28
2026-06-27,75,4786,1812.82
2026-03-13,38,67681,926.44
2026-06-05,79,105113,1621.61
2026-07-16,80,76662,1017.57
2026-06-06,32,18947,252.83
2026-06-11,50,1149730,2098.54
2026-05-28,35,1812228,2227.67
2026-03-27,38,10702,1610.92
2026-05-15,87,1149251,2404.66
2026-05-25,14,63713,2244.26
2026-03-26,87,1644529,345.02
2026-04-10,56,77841,2443.79
2026-04-18,73,135707,571.25
2026-07-12,10,97663,336.90
2026-05-23,73,1043596,501.39
2026-05-04,23,1154327,1134.61
2026-04-24,86,186972,2258.24
2026-05-10,50,1733728,1444.66
2026-05-21,15,194144,454.87
2026-07-29,77,108005,548.53
2026-03-17,16,107118,1945.15
2026-06-01,73,107539,2289.16
2026-06-15,66,112554,2451.65
2026-03-14,7,21981,456.70
2026-03-18,25,12555,2331.10
2026-04-14,80,1587160,627.02
2026-06-07,73,76136,306.50
2026-06-29,51,1081657,417.80
2026-06-02,69,56713,1028.69
2026-07-02,14,1772641,1400.52
2026-05-01,48,161269,1447.88
2026-04-18,82,1749408,684.78
2026-03-02,21,73959,1888.64
2026-03-24,8,133421,953.43
2026-05-27,34,8997,588.46
2026-06-18,60,1071297,1478.99
2026-06-20,44,60574,227.75
2026-04-03,16,115279,1865.79
2026-04-24,65,10901,345.81
2026-05-05,68,9811,568.15
2026-07-07,10,4587,570.84
2026-03-01,4,3438,1733.71
2026-03-16,20,40456,636.34
2026-04-28,82,78775,608.70
2026-07-03,69,110512,451.11
2026-05-13,14,86802,2479.58
2026-05-21,20,113722,2064.38
2026-03-13,61,67439,2244.35
2026-07-03,59,107820,1320.08
2026-06-22,64,1761942,686.57
2026-04-17,11,10163,1031.35
2026-03-31,32,14874,1948.42
2026-06-30,47,10080,2233.13
2026-05-10,1,65845,378.73
2026-07-24,77,1607337,482.51
2026-04-07,18,175566,1066.26
2026-07-19,9,63832,351.01
2026-06-04,10,86802,2326.05
2026-04-11,74,87200,2202.87
2026-05-22,8,1042326,1099.62
2026-06-07,83,3085,142.69
2026-05-18,65,63691,1427.99
2026-05-09,8,185194,2162.33
2026-07-09,17,125754,2415.10
2026-06-24,13,5821,1767.52
2026-05-19,78,1569679,1033.63
2026-07-25,2,11941,2023.68
2026-06-13,35,1068255,2265.57
2026-03-04,31,7340,1081.60
2026-03-27,71,7166,1418.04
2026-07-16,87,1659505,490.82
2026-03-02,34,14247,2414.41
2026-05-31,79,190238,2009.10
2026-05-02,50,1613030,529.94
2026-03-09,78,1695793,1361.02
2026-07-16,34,1607834,716.05
2026-06-27,30,1583847,2397.43
2026-03-11,57,1166554,1878.82
2026-04-14,20,127825,108.72
2026-03-18,66,22758,1529.01
2026-07-13,19,7666,1335.81
2026-03-14,63,1122129,311.67
2026-06-23,58,56847,472.62
2026-05-23,55,1594657,345.94
2026-04-23,42,76136,465.33
2026-04-28,38,1112578,1451.50
2026-07-04,14,160849,2364.10
2026-03-17,11,10303,1165.39
2026-06-14,30,1101704,942.54
2026-04-09,50,4510,1224.23
2026-06-19,14,1108960,2350.40
2026-04-30,4,59635,1803.58
2026-06-28,71,81435,1380.59
2026-07-05,27,1005074,821.02
2026-07-18,51,5229,174.10
2026-07-11,44,15972,2043.60
2026-07-05,55,175323,801.62
2026-03-02,8,19825,504.51
2026-06-13,65,2991,2060.77
2026-05-02,73,12877,2437.17
2026-03-01,49,107172,168.50
2026-07-30,58,1846746,1955.61
2026-06-10,26,172626,2078.81
2026-05-03,71,117351,281.07
2026-07-20,83,17044,435.28
2026-05-23,83,1695793,1664.25
2026-07-20,9,1568979,2454.78
2026-04-14,65,3182,2062.16
2026-05-26,29,81267,1170.15
2026-04-30,21,137964,577.16
2026-04-18,63,1000829,2330.23
2026-03-18,48,1577963,370.86
2026-04-23,46,143361,622.07
2026-03-30,76,107784,1453.55
2026-04-04,22,7731,985.44
2026-03-11,85,1100191,770.24
2026-07-02,2,80902,1367.69
2026-03-05,59,5312,1634.03
2026-03-01,51,1149061300,342.11
2026-07-27,44,10962,1319.73
2026-04-21,4,1053418,833.40
2026-07-23,14,89433,1830.34
2026-03-06,37,1110316,1941.25
2026-03-05,26,59389,703.30
2026-06-15,10,55129,1758.15
2026-07-19,65,10520,2053.97
2026-06-08,84,159676,1969.03
2026-07-18,81,1575505,198.14
2026-03-04,81,119414,1200.78
2026-04-19,48,47228,254.22
2026-04-27,85,100170,2447.40
2026-05-26,26,1114659,2485.94
2026-03-16,2,5779,253.30
2026-04-01,49,112597,944.59
2026-03-19,32,1743247,1224.01
2026-05-25,30,126966,1467.54
2026-05-15,38,63553,2085.11
2026-03-10,50,1789475,691.99
2026-03-31,56,1108395,1672.78
2026-05-05,55,107904,1917.05
2026-05-13,15,18978,1939.42
2026-04-26,74,140680,2062.68
2026-07-23,57,172483,1166.16
2026-07-07,84,18409,492.35
2026-04-05,47,1600733,2052.53
2026-05-03,61,65306,564.09
2026-04-19,57,107632,555.16
2026-07-11,36,1616460,1344.48
2026-05-19,77,1758305,1735.55
2026-06-14,26,51930,1539.17
2026-05-11,26,112837,1591.10
2026-03-18,84,86609,2457.68
2026-07-23,32,2527,1902.95
2026-03-02,67,1090965,1819.79
2026-04-06,80,104806,1806.83
2026-04-25,62,117411,1218.65
2026-04-16,85,107829,302.58
2026-03-25,6,117022,1977.20
2026-05-24,17,1149630,118.96
2026-04-10,59,1607968,1650.58
2026-06-06,59,89698,2425.34
2026-05-16,56,70382,991.03
2026-07-19,44,131591,1406.94
2026-04-07,52,18371,2157.35
2026-05-30,11,10693,943.01
2026-07-18,11,1763694,1781.70
2026-05-04,64,107700,1329.66
2026-07-02,38,115654,765.55
2026-07-03,78,1594967,2140.13
2026-03-31,77,1671447,2059.14
2026-07-22,20,107352,436.07
2026-03-03,60,3164,176.53
2026-07-24,14,1095407,411.98
2026-05-22,1,102835,769.59
2026-05-03,17,17346,1024.59
2026-05-05,15,5779,1010.24
2026-05-18,73,4475,445.87
2026-04-16,77,1098983,1446.86
2026-06-27,32,1108968,1078.08
2026-04-20,54,161255,1130.30
2026-07-25,56,198468,312.30
2026-04-19,29,1747705,2417.72
2026-03-05,67,1646541,987.53
2026-07-10,20,42196,1298.81
2026-04-04,7,1670259,1039.85
2026-06-12,27,67070,1301.16
2026-03-28,75,1151571,1390.00
2026-03-12,3,93041,1329.56
2026-06-14,18,1146877,1896.12
2026-07-26,37,11186222,1231.60
2026-04-08,84,1100465,2419.53
2026-04-04,26,1572881,1052.58
2026-03-28,70,1100755,1039.18
2026-04-06,3,18914,443.59
2026-05-09,4,1594613,2330.38
2026-05-14,25,18097,147.53
2026-03-17,24,84462,1584.39
2026-07-26,24,63686,919.95
2026-03-12,6,10857,1325.45
2026-06-17,31,65794,1441.07
2026-07-12,48,107482,1899.77
2026-06-29,47,11941,766.19
2026-04-28,10,5382,2240.44
2026-03-12,38,1111363,2165.69
2026-05-29,27,16631,2062.42
2026-04-07,17,1776437,1898.03
2026-07-21,43,101037,512.20
2026-05-16,1,6420,1798.06
2026-04-05,36,43602,497.46
2026-07-10,25,17383,1637.01
2026-07-29,83,1848,1785.02
2026-04-28,35,66178,2222.78
2026-03-09,66,80575,276.78
2026-06-13,72,4789,2030.56
2026-05-09,28,65796,1984.05
2026-07-21,17,74432,2417.75
2026-05-17,13,97200,824.67
2026-03-21,43,139958,593.67
2026-04-15,54,1069,967.49
2026-03-01,42,1032935,2189.90
2026-06-04,82,97572,295.57
2026-07-26,70,6891,464.20
2026-03-02,11,1710925,1249.80
2026-07-26,17,45564,1972.09
2026-05-10,84,18523,2439.91
2026-06-22,21,109848,254.98
2026-05-09,87,1094208,1247.88
2026-06-23,66,98031,932.74
2026-06-24,33,3190,1400.96
2026-05-29,22,1085574,1445.46
2026-07-12,1,1147264,330.10
2026-03-27,57,163809,687.69
2026-03-01,85,1173297,188.48
2026-04-11,8,16747,1804.19
2026-06-30,7,79981,869.33
2026-06-22,11,10227,224.69
2026-06-29,24,138748,979.99
2026-06-02,18,1568715,706.39
2026-04-04,58,1616460,1617.28
2026-05-17,21,1159561,669.12
2026-06-20,83,168413,257.78
2026-06-03,81,99061,1357.20
2026-06-23,40,1095147,2227.80
2026-05-10,29,41733,102.33
2026-06-09,80,1626385,2174.04
2026-05-08,63,113127,1164.35
2026-07-06,76,8017,847.41
2026-05-20,57,107813,664.64
2026-04-18,7,1661779,208.22
2026-07-03,45,85549,1097.31
2026-04-29,86,1652225,2043.47
2026-06-12,57,135514,1443.78
2026-07-28,40,86377,350.45
2026-05-15,18,132245,1267.48
2026-03-25,56,1662,2378.97
2026-04-19,24,63627,1765.29
2026-06-04,68,1671816,1221.34
2026-05-30,33,1737977,1671.36
2026-04-09,47,135055,743.40
2026-06-17,11,1755,1174.07
2026-07-02,61,171892,794.27
2026-04-27,23,1788113,843.85
2026-04-07,45,11252,852.60
2026-04-18,10,15995,399.80
2026-06-18,66,14666,468.21
2026-06-14,45,11254,1878.41
2026-03-06,31,1818069,156.33
2026-07-12,61,53454,1751.09
2026-03-09,85,107557,974.01
2026-04-27,42,18223,513.97
2026-07-13,58,44779,1620.70
2026-04-20,8,97971,498.28
2026-05-16,83,152954,1127.18
2026-07-30,66,1173423,2415.40
2026-07-02,6,146357,407.23
2026-05-23,20,2668,1938.27
2026-06-10,55,11224,2168.20
2026-07-19,62,1579143,2276.23
2026-07-24,52,1604710,1334.03
2026-04-18,86,1107028,675.60
2026-05-23,32,20400,1976.78
2026-04-13,80,107964,2095.42
2026-04-02,38,107772,670.11
2026-05-21,55,20515,1927.28
2026-03-29,18,175426,287.62
2026-07-28,46,10962,1739.03
2026-05-12,17,99770,1876.24
2026-07-04,72,1139651,1313.09
2026-03-22,46,112837,967.43
2026-05-09,34,19822,1688.55
2026-06-05,51,1800751,517.57
2026-03-15,21,112579,780.68
2026-05-06,33,150818,412.85
2026-06-25,5,157950,1270.94
2026-05-08,79,9533,1121.90
2026-03-22,1,156458,1309.03
2026-03-23,21,105063,1696.24
2026-04-22,34,1838616,258.96
2026-05-10,62,198498,1424.59
2026-04-13,37,109219,265.51
2026-07-23,75,1088335,2239.51
2026-05-22,64,1799947,993.92
2026-07-21,21,7999,105.43
2026-04-20,39,1718736,345.85
2026-05-04,4,20860,287.55
2026-04-04,11,1587160,2177.49
2026-04-08,12,5748,586.69
2026-03-07,82,1838616,1568.93
2026-07-17,31,1797863,463.86
2026-04-23,84,18023,1334.00
2026-04-30,79,1130518,1447.95
2026-05-13,71,5002,157.12
2026-06-26,2,118518,943.96
2026-03-07,30,67144,2427.59
2026-06-01,5,10913,1340.78
2026-05-23,20,1014868,1942.26
2026-03-26,27,77513,1291.58
2026-04-07,8,132023,868.25
2026-03-20,44,1114659,294.39
2026-06-17,81,107679,355.44
2026-05-25,74,106915,2487.21
2026-03-21,52,1135457,270.92
2026-04-06,3,49702,917.46
2026-06-21,39,1080966,1625.44
2026-07-05,17,83303,1471.33
2026-04-19,6,1115197,1188.24
2026-05-28,44,10921,1777.68
2026-06-09,82,150415,1140.27
2026-07-08,46,1175404,2029.68
2026-07-19,66,123246,2075.75
2026-05-20,14,107409,1238.48
2026-05-10,31,1588647,1829.97
2026-05-01,66,5728,1544.06
2026-04-01,18,1125459,1915.26
2026-03-07,27,45967,259.97
2026-03-17,37,138423,343.73
2026-03-01,15,1634072,550.69
2026-07-17,2,67525,554.26
2026-03-07,41,4917,1387.08
2026-06-14,72,1109707,1965.48
2026-06-02,56,1137970,2218.49
2026-06-15,13,1646932,103.98
2026-06-25,42,16243,1645.83
2026-04-30,50,1080276,462.50
2026-07-08,86,98127,1921.42
2026-05-27,58,65808,1070.48
2026-03-03,2,1594613,1418.63
2026-07-19,25,151605,1786.48
2026-06-20,1,11253,1722.86
2026-05-29,51,146190,520.40
2026-03-23,80,1849188,1116.22
2026-03-24,72,107196,1783.48
2026-03-19,8,1176025,1755.49
2026-06-27,42,1568863,2453.22
2026-05-03,52,125392,873.60
2026-05-05,14,1695883,1401.00
2026-03-21,71,62929,2381.47
2026-03-22,4,1775552,550.41
2026-07-21,62,18813,1155.09
2026-05-23,6,96141,888.32
2026-05-12,64,7085,1185.58
2026-07-16,45,188649,1388.80
2026-07-05,71,12606,708.49
2026-04-27,11,8483,1159.61
2026-04-19,40,107906,1897.86
2026-04-08,52,162649,1697.80
2026-03-06,42,68745,546.76
2026-06-04,43,115219,2273.48
2026-06-01,25,1086402,1601.93
2026-03-20,43,91792,1054.20
2026-07-04,47,176454,2441.49
2026-06-28,27,5902,1813.47
2026-06-23,6,9981,1086.07
2026-06-08,77,1748982,2126.70
2026-06-05,39,125792,1699.39
2026-04-21,36,10984,1496.87
2026-04-23,79,65882,334.40
2026-03-21,23,111074,1746.88
2026-06-11,41,182813,810.75
2026-05-23,79,137164,878.95
2026-04-06,15,57967,1461.73
2026-04-17,56,134712,2146.09
2026-04-18,25,48833,603.04
2026-05-14,17,44104,1031.93
2026-03-22,40,146206,2275.15
2026-03-16,65,1664461,700.79
2026-04-13,48,1664808,1615.52
2026-04-08,63,1107355,917.78
2026-03-02,24,1151571,1484.55
2026-06-08,34,1146826,653.14
2026-05-12,19,1817948,1259.41
2026-06-06,16,1760068,2326.82
2026-07-20,35,65997,800.15
2026-04-15,20,40532,223.87
2026-07-04,18,1100900,1798.94
2026-06-07,14,1770872,2336.17
2026-03-12,60,72195,409.67
2026-07-08,26,135869,1384.74
2026-05-20,35,1119670,434.03
2026-05-30,71,1106981,1681.93
2026-05-01,2,12496,1544.00
2026-05-31,53,9918,636.02
2026-04-15,25,106898,834.70
2026-07-18,9,1174069,1580.35
2026-04-04,33,19223,715.52
2026-03-17,34,71876,2436.31
2026-06-04,7,1846746,434.91
2026-03-18,48,18138,1542.52
2026-06-12,58,160438,955.63
2026-06-21,25,798,1898.66
2026-07-06,24,1112746,1347.24
2026-06-28,40,21330,213.05
2026-04-08,33,1794571,955.98
2026-04-20,30,1603464,859.02
2026-04-23,80,1107198,1624.32
2026-03-21,19,1405274,1770.60
2026-04-18,41,177895,829.97
2026-03-31,50,73393,181.58
2026-06-06,63,880,264.44
2026-06-26,38,74898,1154.06
2026-07-24,24,98583,1270.73
2026-06-08,86,65625,2214.58
2026-04-18,38,1093862,1261.47
2026-03-14,75,10325,1889.27
2026-04-16,79,1125253,2070.42
2026-05-12,8,107838,436.16
2026-07-20,71,1111931,2094.46
2026-06-13,4,5812,1980.99
2026-05-19,58,73829,731.74
2026-04-10,24,155001,1986.19
2026-05-22,67,16631,905.68
2026-03-09,8,1128544,744.24
2026-07-22,84,1149061300,151.48
2026-03-21,60,15671,1369.16
2026-04-21,62,125605,1836.34
2026-05-03,50,1788224,203.88
2026-06-13,50,1145123,2100.07
2026-04-26,70,22371,1087.19
2026-04-20,62,4510,356.57
2026-07-21,41,10122,945.75
2026-03-06,84,1709409,1011.10
2026-07-06,11,1121474,774.26
2026-07-13,81,1615486,503.81
2026-06-10,87,4195,870.65
2026-05-11,55,1116712,235.20
2026-04-21,58,1629580,289.38
2026-03-04,51,47661,1160.60
2026-03-23,87,1152627,2292.87
2026-03-28,43,107369,1675.33
2026-03-06,78,106349,2466.76
2026-04-14,61,47492,718.83
2026-07-05,48,1155804,1001.08
2026-05-03,19,1755297,520.29
2026-04-09,52,104077,574.86
2026-07-30,18,15083,1731.23
2026-07-08,46,21720,2391.62
2026-07-24,64,151242,688.75
2026-03-30,63,97467,1760.75
2026-04-30,9,1840734,1306.58
2026-05-08,87,131760,1508.57
2026-04-01,1,1764846,2270.01
2026-04-13,32,1649335,2154.04
2026-04-24,77,8998,791.13
2026-07-23,48,14306,780.30
2026-07-26,23,1605734,1701.82
2026-06-06,55,65638,301.07
2026-07-23,1,1131620,1599.58
2026-06-25,35,98083,2389.42
2026-07-04,2,1175404,2092.82
2026-04-10,38,1105561,1457.26
2026-05-02,33,68926,1659.09
2026-04-14,80,8823,1347.77
2026-03-27,28,9636,1335.95
2026-03-03,37,1629212,996.13
2026-05-23,76,16943,145.72
2026-04-25,8,1077098,766.29
2026-04-02,45,1127829,1674.55
2026-04-11,56,3543,1629.05
2026-03-26,4,21422,2469.59
2026-07-13,53,1000044,2065.07
2026-04-18,24,6909,1465.08
2026-05-10,67,81051,1894.08
2026-07-16,78,1789475,1345.78
2026-05-31,8,1092673,1816.05
2026-03-10,20,14220,877.40
2026-05-31,50,1143756,1283.99
2026-04-10,23,190060,831.19
2026-04-11,24,10243,1353.25
2026-03-07,5,151242,673.03
2026-06-10,15,53943,982.97
2026-03-30,79,65796,2317.42
2026-03-09,31,107773,1844.58
2026-06-23,41,1149826,1708.43
2026-05-13,20,16630,1005.99
2026-04-27,3,1572881,2109.86
2026-04-05,73,182835,682.48
2026-06-23,50,10448,523.00
2026-04-28,16,107931,1707.32
2026-03-22,60,1118323,789.88
2026-06-20,79,1733711,630.46
2026-04-29,1,1659522,2398.43
2026-06-09,28,66975,1152.38
2026-06-10,21,1614554,1744.64
2026-07-27,26,1125625,897.22
2026-05-31,47,1671816,1376.71
2026-07-16,29,10590,2015.17
2026-04-12,70,1793692,701.07
2026-04-07,87,1846497,1484.18
2026-07-18,82,1093876,545.65
2026-06-21,64,1111230,1703.78
2026-06-24,23,14071,2090.47
2026-06-12,16,107529,2334.07
2026-05-31,44,147025,1795.22
2026-04-05,19,1786088,164.11
2026-06-24,5,45083,470.46
2026-04-29,53,141636,2480.48
2026-03-06,50,1764618,1639.65
2026-03-31,39,1794537,1194.97
2026-03-04,72,115228,272.96
2026-06-11,81,140680,2414.87
2026-06-21,54,67525,1017.13
2026-05-18,38,1760483,1415.50
2026-07-06,57,1098131,398.86
2026-06-23,51,65578,1299.20
2026-06-29,26,1605451,1093.98
2026-03-03,23,1643864,1552.29
2026-06-03,49,73450,439.49
2026-06-17,81,1594433,679.22
2026-06-19,28,1130844,1404.03
2026-03-09,18,107370,1339.95
2026-03-31,77,1665385,602.36
2026-06-30,53,148819,160.21
2026-03-20,73,1107205,1534.91
2026-04-16,61,1073716,2434.42
2026-03-20,34,199576,2190.55
2026-05-25,45,76209,2319.19
2026-03-14,14,16864,755.00
2026-05-25,68,120979,1077.63
2026-06-15,54,66281,111.58
2026-07-10,81,63720,1008.73
2026-03-30,55,4575,1819.06
2026-04-09,31,2483,236.66
2026-05-09,6,66926,1699.25
2026-05-20,39,18848,1417.88
2026-04-02,8,18502,1109.32
2026-03-07,34,112378,1024.33
2026-05-18,33,126711,230.67
2026-03-16,4,4110,104.67
2026-07-21,43,148589,2472.54
2026-07-19,83,64993,974.48
2026-05-04,50,1569856,1932.99
2026-07-21,9,3885,754.12
2026-03-22,53,1643244,1224.97
2026-04-25,85,1698523,1708.47
2026-03-21,7,18475,2305.98
2026-05-20,21,8996,1260.08
2026-06-05,35,65757,2457.10
2026-07-30,43,8480,410.20
2026-03-15,34,2395,416.29
2026-07-26,73,79181,545.89
2026-06-27,15,196656,1187.69
2026-03-21,34,1735354,786.07
2026-05-27,70,92215,1174.69
2026-04-10,32,1741978,1657.24
2026-05-24,33,58673,895.63
2026-07-17,60,1068100,880.90
2026-07-01,15,140850,1183.52
2026-04-09,5,168413,2346.36
2026-04-02,66,158365,1571.12
2026-04-14,2,146381,721.31
2026-07-17,15,18140,252.50
2026-05-25,44,97572,248.35
2026-04-06,32,1071297,585.52
2026-04-09,47,196665,864.86
2026-04-10,55,1006482,1664.83
2026-03-09,8,1145123,1937.29
2026-05-11,3,1095004,1075.69
2026-04-18,64,1626946,1287.85
2026-06-11,27,1697441,1034.51
2026-05-16,76,1006390,1615.73
2026-06-26,76,18320,1720.84
2026-07-09,3,1098657,2446.98
2026-07-01,57,107743,879.11
2026-04-25,4,10227,2277.79
2026-05-26,81,1789629,2066.78
2026-06-15,32,107965,1665.58
2026-03-08,10,11344,2320.88
2026-07-11,25,105263,820.13
2026-07-06,77,155296,1801.43
2026-04-01,9,7116,290.53
2026-05-24,77,134666,2292.40
2026-05-25,26,121823,1246.12
2026-07-06,57,20924,823.52
2026-03-04,72,107388,1893.19
2026-06-15,52,50549,114.21
2026-03-09,16,106381,2403.37
2026-03-17,76,1838444,1933.67
2026-03-28,26,4510,927.53
2026-07-11,87,1082051,1280.60
2026-05-12,79,85376,873.49
2026-04-05,60,1177172,967.88
2026-03-03,8,107944,1569.39
2026-06-25,68,6903,692.12
2026-03-27,5,76297,442.18
2026-05-20,66,1573331,1633.50
2026-07-28,60,11058,2068.46
2026-07-09,58,165791,2307.63
2026-05-29,62,9825,2333.38
2026-07-02,68,731,2320.74
2026-03-06,66,7740,198.85
2026-07-13,86,78186,541.12
2026-04-07,64,12952,1351.10
2026-05-14,41,1101248,850.25
2026-07-12,71,199270,640.45
2026-03-19,20,1574107,1856.48
2026-06-11,30,1175404,672.77
2026-06-28,68,96141,1907.68
2026-03-25,48,1173908,781.11
2026-04-19,62,9078,639.25
2026-04-13,9,1127568,1471.71
2026-05-28,78,1798992,156.62
2026-07-15,7,154187,2139.46
2026-06-10,35,158572,1263.30
2026-05-01,81,101810,1693.13
2026-06-08,29,54896,1802.98
2026-06-06,57,19055,1270.10
2026-05-10,84,2031,1515.25
2026-05-02,51,1659522,206.20
2026-07-23,30,16659,212.05
2026-07-19,44,15749,502.74
2026-06-21,36,95611,1850.65
2026-03-04,69,3981,1031.07
2026-04-08,47,14471,728.74
2026-03-07,20,3204,207.24
2026-03-15,68,3254,1812.83
2026-07-15,58,20407,2018.89
2026-07-13,53,1651600,1037.59
2026-06-07,19,1150967,2179.67
2026-04-20,46,93811,2072.22
2026-06-17,73,1009994,2168.61
2026-04-22,53,1795465,976.53
2026-06-08,76,160849,2129.05
2026-05-15,81,8149,2299.45
2026-03-28,50,1089126,398.39
2026-03-12,26,53972,211.70
2026-03-25,5,7049,1039.17
2026-04-30,60,148171,573.50
2026-04-16,15,76434,286.11
2026-05-09,12,1086636,1733.18
2026-07-11,47,182881,547.55
2026-07-08,40,1607962,1613.80
2026-07-04,19,15972,1827.81
2026-07-27,42,1111897,1649.06
2026-04-11,30,85709,1772.51
2026-04-06,6,1093183,1792.80
2026-06-15,34,97200,1704.55
2026-03-29,69,11328,483.65
2026-05-24,17,1108797,1980.32
2026-06-12,65,1126844,365.77
2026-05-31,43,1592257,361.81
2026-07-01,27,14608,184.11
2026-05-17,29,1093862,2336.37
2026-07-12,10,498,149.55
2026-04-30,75,1093862,715.68
2026-03-15,52,125865,2000.18
2026-05-23,26,6846,2054.53
2026-03-24,45,11353,1176.75
2026-07-03,37,6662,937.76
2026-07-03,62,1091654,1196.72
2026-05-16,10,7906,2144.47
2026-05-02,7,8251,315.71
2026-05-10,37,66423,501.42
2026-05-15,87,18811,940.85
2026-05-17,14,8282,264.25
2026-07-23,30,1097893,734.23
2026-05-21,18,159330,978.28
2026-04-13,55,6902,1298.42
2026-03-13,37,2473,142.75
2026-07-09,32,124237,142.63
2026-03-29,71,1115072,822.78
2026-03-14,10,1153948,1283.75
2026-07-26,79,1755297,1423.04
2026-06-06,76,147080,1940.64
2026-07-13,26,164208,2400.33
2026-07-03,8,1138851,538.88
2026-07-15,13,196656,1355.30
2026-07-15,60,111007,144.88
2026-03-03,2,1146322,1553.26
2026-05-03,6,188519,528.53
2026-03-19,35,1125236,1951.01
2026-04-20,52,12150,1988.95
2026-06-11,77,7794,1190.08
2026-07-15,67,152954,1374.73
2026-05-24,51,1003755,1463.80
2026-05-20,16,3885,486.11
2026-07-23,10,3662,2457.88
2026-04-25,35,1606567,762.36
2026-07-19,78,6166,2426.40
2026-05-28,84,11208,597.17
2026-05-09,81,1712187,1569.93
2026-06-11,23,1026,119.04
2026-03-12,15,7319,186.26
2026-03-25,1,133020,1400.06
2026-04-15,85,106922,1320.10
2026-06-05,76,2671,1111.65
2026-04-22,45,5712,293.68
2026-07-15,21,6999,854.88
2026-07-10,6,99839,2194.80
2026-07-26,81,1626387,323.20
2026-05-22,64,1116744,1482.03
2026-05-31,32,164308,1427.65
2026-06-18,82,1171996,1819.11
2026-06-19,44,8404,654.75
2026-07-15,55,1054256,1901.01
2026-05-15,25,1670259,2312.81
2026-03-29,69,2538,260.36
2026-05-29,48,900,845.63
2026-03-31,59,1760178,2461.22
2026-07-17,30,3438,1410.57
2026-05-02,38,12323,2370.19
2026-07-20,64,1690243,186.75
2026-05-01,64,22168,847.86
2026-05-22,8,1777529,1713.34
2026-07-14,66,180133,416.51
2026-07-12,57,47141,1809.69
2026-03-15,72,45591,264.50
2026-04-15,51,8146,898.88
2026-03-04,29,11014,275.15
2026-06-27,26,115036,1442.51
2026-07-24,73,1638138,315.58
2026-06-06,82,46971,1972.05
2026-06-02,31,11286270,2281.24
2026-03-08,85,1634237,100.72
2026-06-10,50,1763785,1182.68
2026-06-12,18,1043866,463.98
2026-06-29,32,1608183,1910.59
2026-03-31,73,65845,1630.07
2026-07-17,14,10518,655.14
2026-06-04,11,21231,1867.80
2026-04-13,69,1125159,2126.24
2026-04-26,34,1760483,1901.14
2026-06-14,42,1085595,2397.61
2026-06-13,5,94587,1077.32
2026-03-21,40,1098441,2391.70
2026-04-22,52,1102770,1846.79
2026-07-30,13,44540,825.00
2026-06-06,27,5477,977.24
2026-03-12,75,1072511,1094.29
2026-05-17,33,1108164,149.37
2026-07-18,20,142308,315.90
2026-04-12,72,3141,2450.43
2026-07-12,24,181177,2011.46
2026-04-17,25,14084,534.71
2026-06-11,33,7123,2386.91
2026-07-17,33,44941,1883.58
2026-05-06,48,1095834,454.45
2026-03-12,87,1121396,2399.10
2026-07-24,63,122492,2457.46
2026-03-26,61,196665,2423.33
2026-04-23,61,18740,566.44
2026-05-25,32,110301,1310.39
2026-05-28,40,122662,651.24
2026-06-06,13,19332,1512.19
2026-04-14,38,6379,841.42
2026-06-15,30,18924,2279.55
2026-05-06,3,65578,1875.20
2026-06-07,61,18523,2331.70
2026-05-21,85,1083481,1042.06
2026-07-02,52,1100146,123.98
2026-05-02,27,22168,677.54
2026-03-15,77,107753,521.90
2026-04-15,78,13588,642.94
2026-05-26,75,90211,308.00
2026-05-03,6,56940,1190.23
2026-06-07,73,1636494,986.60
2026-03-20,35,1151571,2118.64
2026-05-31,37,14247,2467.46
2026-06-06,4,1763779,2443.36
2026-07-08,87,173257,1921.48
2026-05-29,86,1625374,2183.76
2026-07-21,20,164413,353.45
2026-03-14,23,113536,2383.56
2026-05-27,8,92678,1967.84
2026-06-30,36,97706,1625.97
2026-05-11,79,124865,581.31
2026-04-17,33,5426,1841.93
2026-06-20,18,53169,2324.71
2026-03-07,56,2527,1652.69
2026-06-03,62,1094355,105.16
2026-07-22,8,20818,678.12
2026-07-09,22,12521,784.30
2026-07-04,1,81145,1078.53
2026-06-30,45,11726,843.48
2026-03-04,48,194046,751.43
2026-03-24,23,1073225,1354.19
2026-07-06,86,94891,2425.16
2026-05-13,17,8057,2268.89
2026-06-06,6,7156,2124.00
2026-04-27,56,909,2350.55
2026-07-05,14,1174654,1942.68
2026-05-02,87,126700,1948.73
2026-04-17,83,15492,1743.40
2026-04-13,34,63827,2184.46
2026-03-13,59,62471,2407.92
2026-06-27,2,7793,1440.08
2026-07-16,24,4779,1867.84
2026-07-15,60,2188,1138.92
2026-07-21,62,14973,416.18
2026-03-17,23,1589086,1911.66
2026-06-12,59,78880,164.85
2026-05-10,16,16766,1862.05
2026-07-08,21,1110316,540.37
2026-07-11,49,1575752,1476.32
2026-05-08,18,1775546,408.34
2026-04-23,27,38999,1946.05
2026-06-06,32,1594967,799.87
2026-05-09,25,1096518,1281.11
2026-04-21,6,1642864,646.96
2026-05-04,35,1116712,2333.03
2026-03-12,46,1711749,1988.94
2026-05-18,49,1668943,1994.96
2026-03-01,70,122728,1311.17
2026-07-16,17,1153911,1442.67
2026-05-24,42,164413,1933.39
2026-07-02,29,1574114,107.58
2026-04-20,48,1080610,2168.92
2026-03-24,77,1127165,1160.62
2026-07-22,31,1607846,776.04
2026-04-01,86,10578,2028.12
2026-03-23,17,177453,2302.84
2026-07-19,22,194705,1778.18
2026-04-29,18,1766563,415.31
2026-05-11,61,86258,422.42
2026-06-10,73,112510,1247.00
2026-04-13,75,1782184,1229.18
2026-04-17,10,55129,996.05
2026-06-19,83,1661501,389.34
2026-03-04,55,1617845,916.74
2026-07-05,84,14063,1341.66
2026-04-07,53,1026,562.70
2026-05-30,29,174041,1501.66
2026-03-23,20,127306,367.68
2026-04-26,76,100751,2140.10
2026-06-13,13,109848,918.72
2026-04-17,35,1072511,999.72
2026-05-20,24,18750,457.72
2026-04-06,2,114091,2454.58
2026-03-04,11,1087947,338.69
2026-03-18,46,172483,2245.25
2026-04-15,78,1589127,1733.52
2026-06-03,17,107350,1453.17
2026-06-05,64,1079307,1158.93
2026-03-29,55,1158239,1087.98
2026-03-25,3,1148281,2179.29
2026-04-11,73,1663891,581.76
2026-03-19,4,1097946,1229.24
2026-03-22,33,5879,463.03
2026-05-30,24,1158445,715.71
2026-05-27,15,12249,778.57
2026-06-02,13,1639724,165.42
2026-03-23,65,5094,2126.81
2026-03-10,14,1100900,2053.07
2026-05-22,71,1122574,188.98
2026-04-30,66,53185,1312.82
2026-05-09,83,107809,1655.14
2026-04-01,2,1090621,2084.05
2026-06-11,37,1643699,1231.72
2026-03-10,35,12816,112.78
2026-07-05,74,192515,578.03
2026-03-14,8,21670,1110.18
2026-03-31,56,13582,2109.79
2026-07-25,40,12275,969.18
2026-06-21,75,99446,494.38
2026-05-19,24,179633,1311.78
2026-03-31,1,85107,2234.00
2026-04-01,19,140398,1494.71
2026-06-27,9,103348,319.02
2026-04-29,22,1168864,665.30
2026-06-20,40,14820,697.96
2026-06-28,2,163391,680.37
2026-06-26,78,63600,1129.50
2026-07-01,81,1596212,1985.79
2026-06-22,83,192032,1254.59
2026-05-08,26,1574120,236.10
2026-03-29,5,126162,2094.00
2026-03-31,54,2045,1647.09
2026-06-16,80,104081,1623.31
2026-03-09,58,1151504,2096.88
2026-04-12,42,91480,417.27
2026-05-11,86,1804587,768.83
2026-06-30,66,1159368,1832.23
2026-06-06,56,45979,1098.33
2026-06-13,41,1577957,1619.20
2026-04-22,43,12496,1238.29
2026-04-26,26,18490,1311.12
2026-03-16,54,1154327,2313.58
2026-07-09,43,189100,1532.86
2026-07-06,78,1568886,780.54
2026-04-27,58,107378,455.24
2026-05-31,19,21718,621.82
2026-07-24,87,1600821,171.75
2026-04-25,18,13731,2234.08
2026-04-16,24,63691,2243.56
2026-04-18,48,104685,1020.01
2026-06-15,61,5518,1816.03
2026-04-20,81,42621,1136.42
2026-04-06,46,1640015,1368.34
2026-06-15,31,3477,461.22
2026-07-15,50,1698523,1606.03
2026-03-25,40,1573996,809.47
2026-07-02,19,19218,1090.83
2026-04-24,47,1517672,1411.64
2026-05-22,39,6999,781.70
2026-05-28,60,2031,847.91
2026-03-23,28,1568660,2431.15
2026-05-08,78,15689,2149.29
2026-03-23,1,1788224,592.15
2026-04-03,12,1732771,929.54
2026-05-18,36,78415,1874.28
2026-03-24,75,10448,2427.39
2026-05-18,78,1696806,2134.79
2026-05-24,31,85503,2052.58
2026-05-20,41,1761082,196.40
2026-03-12,36,131398,1600.01
2026-06-05,68,4645,1007.70
2026-03-07,12,137236,132.93
2026-04-17,56,51433,1959.14
2026-05-14,50,1615488,1514.09
2026-07-10,58,1570305,1306.07
2026-07-01,41,20322,1947.74
2026-03-11,82,1733728,1976.03
2026-05-10,23,101748,1626.53
2026-07-13,36,1025151,808.05
2026-07-06,76,120178,2116.80
2026-03-29,85,1112746,536.77
2026-04-01,44,17383,1804.75
2026-05-26,87,66715,1851.01
2026-06-13,13,22326,864.03
2026-06-29,59,48438,589.79
2026-03-04,12,10247,2168.39
2026-06-19,52,1100679,2313.06
2026-04-14,16,1570215,1158.65
2026-07-08,55,1606558,1073.80
2026-06-07,36,126162,297.70
2026-03-02,12,10913,2081.60
2026-03-23,44,40616,1842.19
2026-06-03,7,49504,1997.52
2026-04-24,32,149462,435.38
2026-07-29,29,149462,2098.28
2026-07-28,51,149135,1713.37
2026-03-11,16,72153,1040.72
2026-06-23,13,80286,700.44
2026-04-14,14,48991,1010.33
2026-04-06,46,1635618,287.19
2026-06-07,55,1136310,2086.58
2026-06-30,43,10963,589.63
2026-07-12,56,197955,2136.67
2026-03-06,79,1110147,1844.87
2026-03-17,51,1623484,460.64
2026-05-28,82,1014868,1247.05
2026-07-08,61,107188,438.67
2026-07-07,62,1710925,321.63
2026-03-09,33,17377,2480.99
2026-04-25,55,66502,1024.66
2026-04-03,58,6004,1411.09
2026-07-11,21,290,1838.13
2026-05-03,77,1143756,503.23
2026-06-06,7,16391,562.67
2026-05-01,63,21492,2317.05
2026-03-12,20,141007,1413.71
2026-04-01,74,1068255,842.21
2026-03-25,47,1765080,2048.35
2026-03-29,69,63807,1062.31
2026-04-04,60,20542,1716.45
2026-03-25,80,5298,1036.06
2026-03-28,65,1083213,2357.38
2026-06-03,7,1132811,2203.27
2026-06-21,87,107778,875.12
2026-07-26,53,1161720,363.38
2026-07-29,87,74492,1605.98
2026-04-09,36,1641814,2343.71
2026-07-12,54,11104,503.72
2026-06-16,72,3190,1314.97
2026-06-29,9,140680,1041.05
2026-04-04,55,100104,2317.25
2026-05-21,34,7049,997.13
2026-05-18,32,6112,547.15
2026-07-26,42,1174770,975.83
2026-04-23,36,149540,343.13
2026-06-27,8,62471,1119.70
2026-04-19,51,12149,1843.82
2026-03-10,81,608,592.43
2026-07-02,33,112705,166.25
2026-05-13,40,1589518,965.08
2026-04-20,44,1159795,1190.79
2026-03-14,36,65717,1055.88
2026-04-09,70,59509,1307.29
2026-07-02,19,13583,1447.53
2026-06-30,38,61932,371.16
2026-04-29,31,1171098,1002.94
2026-04-26,37,80168,539.33
2026-07-11,16,49309,2436.88
2026-04-26,6,1125159,1297.13
2026-04-25,70,14905,603.22
2026-07-22,65,1055930,305.12
2026-06-12,28,1161033,2325.49
2026-07-29,86,49702,1785.00
2026-05-27,11,8085,1387.84
2026-07-29,68,110323,1175.59
2026-06-21,29,1835843,2292.84
2026-05-10,80,8251,1922.20
2026-03-07,49,54896,2307.30
2026-05-31,69,107719,354.46
2026-05-17,42,1091893,588.91
2026-04-12,25,56697,2032.81
2026-07-16,56,1166464,1130.62
2026-06-08,15,1091624,1663.45
2026-03-05,81,12602,1508.91
2026-04-15,20,109054,182.78
2026-04-09,15,1113721,1053.54
2026-05-06,74,149146,1958.53
2026-05-07,80,1615151,2309.53
2026-07-23,63,1579143,211.67
2026-05-21,62,82242,1076.21
2026-05-23,44,1076686,992.72
2026-06-30,74,90408,1330.29
2026-06-03,13,117338,2032.12
2026-06-29,8,125399,758.86
2026-06-20,57,5646,1102.84
2026-05-07,22,11312,1229.90
2026-06-21,33,97169,888.50
2026-05-14,60,126489,2161.89
2026-04-24,29,1174927,2224.44
2026-06-30,3,12555,1456.08
2026-03-13,63,77134,2309.76
2026-07-28,66,78880,1357.31
2026-04-06,62,131279,1582.76
2026-07-29,32,1760483,2264.04
2026-05-12,58,1646566,866.70
2026-06-20,25,17070,1891.13
2026-06-04,39,1168988,189.80
2026-03-07,10,1784036,989.96
2026-05-03,55,112410,1700.12
2026-05-28,27,1133562,1075.53
2026-05-10,79,1171064,696.52
2026-03-22,27,3175,1895.16
2026-06-17,25,19678,1250.91
2026-04-14,16,1096118,1632.15
2026-04-09,78,50595,1078.17
2026-05-20,11,116876,1761.02
2026-07-21,70,1125471,2361.25
2026-06-19,38,102851,305.13
2026-03-05,41,7906,964.53
2026-03-28,45,107588,1099.17
2026-03-18,76,13208,2262.14
2026-07-08,42,107593,973.68
2026-03-26,34,1039,984.55
2026-04-26,54,1593128,1257.12
2026-07-22,47,11278,2307.39
2026-05-25,4,1607962,210.63
2026-07-11,49,15814,814.49
2026-04-27,28,1732676,1884.14
2026-05-10,37,1794571,2171.37
2026-07-10,73,1149243,1309.55
2026-03-17,38,1653929,691.34
2026-06-01,1,21064,1001.47
2026-06-07,71,41565,443.91
2026-04-18,55,18320,296.49
2026-05-25,22,63818,971.44
2026-04-10,14,1110478,1102.46
2026-04-29,41,1632357,2270.00
2026-05-14,27,160438,339.42
2026-04-01,30,196677,1053.43
2026-05-09,35,1617742,2111.24
2026-03-24,37,164136,1050.66
2026-05-21,87,8512,2128.76
2026-06-26,22,192517,1952.99
2026-06-12,2,1099404,752.07
2026-07-04,14,1144177,1607.55
2026-05-28,66,1073276,711.11
2026-07-08,45,106965,1356.54
2026-05-06,15,93173,2214.78
2026-03-21,20,1794571,2018.08
2026-05-28,2,92333,916.92
2026-07-18,2,18854,2162.31
2026-05-11,2,1083481,256.58
2026-03-07,52,15795,1352.69
2026-05-10,82,1669571,1130.97
2026-03-24,9,94143,417.25
2026-06-25,59,10310,684.05
2026-07-05,45,48984,245.74
2026-06-10,50,1707212,376.69
2026-06-20,54,1777197,2467.63
2026-04-01,52,8885,244.58
2026-06-15,17,50547,433.58
2026-06-20,37,159082,2049.95
2026-05-21,22,1132401,1222.11
2026-06-09,13,65578,1294.15
2026-04-23,63,63899,816.63
2026-03-05,69,4298,1241.67
2026-04-01,30,44987,121.72
2026-07-05,6,106550,751.86
2026-05-16,16,107586,807.73
2026-03-01,24,74492,1081.51
2026-04-04,4,99377,351.70
2026-05-12,50,80514,143.27
2026-06-04,27,1094246,639.78
2026-07-16,43,1171098,446.97
2026-04-28,37,18223,330.77
2026-04-01,81,144002,1825.69
2026-07-25,24,1707864,2489.54
2026-04-13,45,1109946,525.93
2026-04-16,79,103348,2102.49
2026-07-17,12,1126385,1101.13
2026-05-08,11,1100678,1742.41
2026-06-21,62,107815,331.10
2026-07-08,61,19822,1338.20
2026-07-13,58,15131,1328.16
2026-07-18,37,1648616,1560.59
2026-05-19,87,107415,226.96
2026-03-18,60,192583,2062.57
2026-05-03,64,5588,850.10
2026-04-25,38,98031,947.19
2026-06-11,83,141132,2249.61
2026-07-29,86,92614,2496.55
2026-05-18,70,1127738,696.84
2026-06-19,19,163553,619.88
2026-05-21,21,84572,1453.69
2026-04-20,18,67045,300.01
2026-07-18,51,22906,104.24
2026-04-25,68,1010449,1372.56
2026-04-22,15,1790885,660.16
2026-04-15,10,18409,1054.10
2026-03-04,69,86966,1762.59
2026-03-03,63,47141,768.81
2026-06-01,1,1749609,2474.16
2026-07-06,72,65957,719.51
2026-05-22,8,107973,503.74
2026-05-13,39,79291,447.33
2026-05-16,28,18683,550.38
2026-05-19,24,5518,1804.31
2026-05-22,85,1089297,2295.13
2026-04-17,83,63381,2057.07
2026-03-12,75,1568984,1458.47
2026-07-22,38,4195,1945.84
2026-06-13,84,1026364,577.91
2026-03-18,72,117703,2241.42
2026-05-19,19,65773,388.11
2026-04-13,35,20191,1377.88
2026-03-22,45,1098539,1736.68
2026-06-19,5,1615898,1034.73
2026-07-01,2,73239,2387.88
2026-05-31,71,11058,534.04
2026-06-02,2,1126873,807.77
2026-06-09,11,1119456,2429.88
2026-06-06,23,1607056,2455.29
2026-06-12,79,107772,2381.81
2026-04-26,9,2339,2455.66
2026-04-20,6,1769540,711.78
2026-03-13,79,199775,1798.57
2026-07-27,57,47141,2493.29
2026-05-25,42,5293,2208.05
2026-04-04,15,50506,1149.71
2026-05-03,13,7089,1043.60
2026-07-08,11,52877,975.26
2026-05-06,74,4632,235.97
2026-04-23,39,105800,532.92
2026-06-10,33,63974,1431.71
2026-03-26,19,1747088,788.12
2026-04-09,15,1091921,426.48
2026-04-07,45,63746,1627.32
2026-04-24,84,1069,886.27
2026-07-03,40,1600611,1408.94
2026-04-18,15,4759,236.64
2026-04-28,83,170966,771.11
2026-05-04,69,6089,1041.00
2026-05-20,28,80754,1568.31
2026-06-24,19,6599,716.61
2026-04-05,35,63526,1462.68
2026-07-16,59,65267,959.34
2026-07-16,47,186063,2067.53
2026-04-22,74,158175,1558.75
2026-04-22,13,1129573,1199.92
2026-04-16,70,94587,1647.84
2026-06-29,12,40897,123.66
2026-03-08,73,79156,2128.98
2026-03-18,64,107593,495.22
2026-07-07,64,120717,1644.29
2026-06-16,2,10732222,368.28
2026-07-26,21,122264,469.30
2026-05-02,86,1718730,736.75
2026-05-02,70,1174927,295.24
2026-06-27,62,1135774,1775.11
2026-07-09,7,21974,1555.32
2026-06-02,68,3590,1687.59
2026-03-12,25,1087438,2226.89
2026-06-18,62,2670,1426.89
2026-05-18,6,1136437,1662.15
2026-03-17,57,50191,312.66
2026-07-14,32,14883,264.33
2026-06-11,27,45661,2231.72
2026-04-13,76,106836,1376.26
2026-05-23,7,163375,1423.12
2026-07-25,19,22332,1328.56
2026-07-09,71,1168851,1590.38
2026-03-17,35,65828,1892.25
2026-07-27,68,1669571,1744.71
2026-03-10,45,67182,334.69
2026-03-09,36,1104404,460.78
2026-05-17,12,6166,410.40
2026-07-09,35,1610819,282.32
2026-05-22,62,13098,359.01
2026-04-19,62,107480,938.77
2026-05-09,63,44282,957.26
2026-06-21,68,1004817,1801.99
2026-03-15,52,140850,2351.02
2026-03-26,77,46275,1825.49
2026-03-27,46,1094732,695.31
2026-06-25,58,1794581,1084.22
2026-06-16,85,1807852,625.60
2026-06-02,74,4724,2040.47
2026-03-19,30,137868,1164.90
2026-06-08,59,22157,744.08
2026-04-04,74,1616460,2001.68
2026-04-29,27,105985,1506.04
2026-07-04,4,145836,1870.06
2026-07-15,3,15972,2112.07
2026-03-23,46,10310,683.62
2026-06-08,78,8015,1402.33
2026-04-19,23,1125795,1038.54
2026-07-23,20,1094168,2176.43
2026-03-23,62,46354,613.92
2026-04-09,68,19332,975.20
2026-06-30,82,1001223,1773.95
2026-07-02,36,1149251,2178.13
2026-05-11,20,1126280,1410.11
2026-05-12,71,126051,1373.14
2026-07-08,33,1664804,2196.54
2026-07-07,57,148168,1827.10
2026-07-01,55,171970,151.93
2026-03-03,39,97706,854.33
2026-04-18,74,100264,1535.86
2026-07-19,86,115036,1721.46
2026-03-23,53,6444,1949.27
2026-07-23,37,15988,728.24
2026-07-03,41,85167,2313.42
2026-05-29,60,1171969,541.78
2026-05-17,49,1039614,888.92
2026-05-15,50,9981,948.41
2026-05-23,68,18252,169.39
2026-04-26,35,119749,674.51
2026-06-28,72,1006265,434.63
2026-07-25,47,12469,2227.66
2026-03-08,2,1151504,2494.41
2026-06-03,51,1606662,1378.47
2026-06-16,8,1568774,2007.64
2026-03-12,71,95478,1697.51
2026-04-28,24,121286,186.09
2026-05-01,28,160756,505.13
2026-03-05,11,1789629,2478.92
2026-04-09,77,1091654,1661.65
2026-06-27,78,175789,2195.83
2026-07-14,73,107632,1740.15
2026-07-25,36,63753,210.67
2026-03-02,58,6922,1029.49
2026-04-15,17,10234,999.35
2026-06-22,43,65796,1879.33
2026-05-18,62,91480,149.29
2026-06-24,11,1165757,2424.02
2026-04-17,18,7127,216.19
2026-07-15,60,137236,1684.30
2026-05-08,17,1163703,1724.04
2026-03-28,56,1143446,1442.31
2026-03-07,81,100066,919.31
2026-07-04,59,5377,2170.54
2026-07-14,13,45083,548.87
2026-07-27,45,18523,1608.76
2026-06-27,70,1162876,649.31
2026-03-11,12,11278,1686.21
2026-07-22,53,1130716,1919.80
2026-06-08,14,18712,1679.19
2026-07-09,73,12024,2116.39
2026-04-17,15,111007,169.70
2026-06-28,53,1089159,2233.90
2026-04-01,1,162953,573.52
2026-06-11,13,1148281,1274.13
2026-06-29,48,146415,1592.46
2026-06-19,78,4363,1198.95
2026-06-03,68,87449,540.78
2026-05-10,46,1120517,581.85
2026-05-13,77,54165,2033.39
2026-07-01,2,1711028,1882.67
2026-03-03,57,1671816,1244.40
2026-04-23,20,7980,2322.49
2026-05-19,38,1647528,1106.91
2026-05-09,67,8909,238.17
2026-05-12,54,12890,2116.44
2026-06-29,59,82220,153.72
2026-03-03,6,5335,443.17
2026-07-04,34,61394,1347.94
2026-06-25,51,64064,510.62
2026-07-18,79,1104661,1166.83
2026-07-08,3,1132568,2243.94
2026-04-21,2,11454,2401.68
2026-03-23,25,143835,1676.38
2026-07-30,49,1153052,1425.59
2026-05-03,40,53185,2333.32
2026-05-11,30,117758,860.89
2026-03-30,65,10321,1707.20
2026-04-25,6,1149953,779.34
2026-06-17,53,1643564,581.85
2026-06-23,43,1095147,2050.21
2026-03-01,67,78451,1514.37
2026-04-05,53,66382,2374.22
2026-05-04,85,132336,2232.70
2026-07-09,31,109217,1873.97
2026-05-06,26,100104,1455.51
2026-07-01,5,18848,2016.96
2026-03-02,36,189372,1094.69
2026-03-23,85,1603464,1307.68
2026-06-14,29,11093,2246.78
2026-06-17,70,160774,1919.25
2026-05-20,16,13586,2372.04
2026-05-11,8,2045,625.74
2026-03-11,51,8088,2041.07
2026-05-14,58,5229,1220.91
2026-05-10,61,96141,1196.00
2026-04-18,23,15749,1121.19
2026-06-29,26,20407,203.91
2026-06-06,47,161645,1882.04
2026-07-12,46,1747705,294.67
2026-05-18,41,147666,1070.56
2026-06-15,78,1661781,521.77
2026-05-17,53,1082051,1864.41
2026-05-01,58,1807852,2398.95
2026-05-10,74,1698523,1474.60
2026-03-19,33,1054360,1878.93
2026-03-18,42,1794581,1867.23
2026-04-08,37,48792,864.79
2026-07-05,60,1604096,2017.31
2026-06-09,34,1618121,496.94
2026-06-10,83,14598,1271.03
2026-05-23,20,111694,2335.00
2026-07-08,49,134762,871.90
2026-04-12,70,19960,1455.20
2026-05-07,29,1171287,317.01
2026-06-02,47,179606,1990.41
2026-04-23,53,1612331,1806.80
2026-05-02,70,7291,2130.04
2026-04-06,77,106349,1043.92
2026-03-11,33,1143675,961.90
2026-04-07,23,6902,174.86
2026-04-06,25,144998,1777.41
2026-07-23,13,1000137,1074.68
2026-03-28,18,1134899,1684.26
2026-03-20,83,1618121,1959.75
2026-03-27,30,49740,367.77
2026-03-11,84,67035,1453.63
2026-07-06,14,1578667,509.72
2026-06-09,69,137611,693.08
2026-03-14,86,67070,273.36
2026-06-01,59,1766563,926.46
2026-05-06,12,107590,1364.83
2026-04-01,56,11099,279.87
2026-07-17,11,2612,2305.10
2026-07-14,35,90408,363.12
2026-03-30,46,19636,894.86
2026-05-01,69,48061,2353.23
2026-04-28,67,1109459,2431.77
2026-03-14,85,105281,308.77
2026-06-10,85,197713,1431.33
2026-04-02,58,94593,2261.63
2026-07-21,44,1006673,2108.84
2026-07-11,59,1155902,1649.12
2026-04-27,38,53012,2452.86
2026-03-25,80,15789,1194.09
2026-06-24,84,2538,2308.96
2026-03-30,26,102205,1335.18
2026-03-13,55,10520,2035.44
2026-05-28,63,1082288,1447.63
2026-07-20,71,1074396,2355.98
2026-07-18,76,1575505,1981.25
2026-05-17,6,1148905,854.70
2026-03-27,12,19044,1511.70
2026-07-16,49,165362,237.65
2026-05-02,33,110093,393.82
2026-04-27,75,9934,985.69
2026-04-24,87,1148913,777.97
2026-04-30,24,15909,890.53
2026-05-09,46,18422,1744.09
2026-06-02,42,1808967,144.82
2026-04-13,34,1820323,748.23
2026-07-15,20,1068060,1766.73
2026-06-13,61,1121545,2099.96
2026-06-12,3,67182,741.52
2026-05-25,55,148024,1842.88
2026-04-13,32,148024,1053.15
2026-07-24,61,1742406,1494.28
2026-05-25,1,63713,354.19
2026-04-19,24,78880,1237.24
2026-06-17,25,46578,1148.85
2026-07-06,50,66168,182.66
2026-05-07,73,1575535,1574.74
2026-05-27,40,1171934,1099.86
2026-06-05,2,1092300,1683.50
2026-05-13,3,107373,1258.70
2026-07-14,13,142609,919.85
2026-03-24,22,1732854,667.46
2026-03-26,18,1029794,2483.82
2026-04-10,40,175777,320.23
2026-07-01,11,107642,1605.58
2026-07-23,42,1771083,1425.39
2026-03-23,55,1646547,1708.81
2026-05-07,27,47645,1841.09
2026-07-17,41,1777529,1212.90
2026-04-28,8,1088290,1331.37
2026-04-21,39,1715170,2206.24
2026-06-16,11,31776,1502.80
2026-04-02,41,53169,214.92
2026-06-12,21,71662,1623.23
2026-05-18,52,1130716,223.40
2026-07-01,6,8016,954.34
2026-05-20,18,1143552,761.49
2026-03-21,6,63878,1408.83
2026-06-22,67,135869,2322.46
2026-03-18,27,43602,2286.74
2026-03-04,23,5450,695.67
2026-03-06,85,1111782,2279.19
2026-03-26,32,1568695,2490.69
2026-04-13,27,1782161,1032.62
2026-04-29,69,65641,1500.04
2026-05-15,18,2073,695.26
2026-06-22,83,107590,563.96
2026-06-08,43,1006484,1985.72
2026-03-16,53,91190,365.32
2026-07-10,70,19674,1503.97
2026-04-02,84,1129559,1460.93
2026-03-30,60,76227,837.71
2026-03-22,86,8594,1268.31
2026-03-09,19,1603556,1581.82
2026-06-07,31,7301,838.36
2026-03-27,48,176330,1445.10
2026-03-26,48,1094690,1380.76
2026-05-26,70,74556,1284.30
2026-05-29,36,1157927,822.06
2026-07-07,73,150848,2497.28
2026-06-19,18,1022422,1424.50
2026-07-05,66,4998,1844.33
2026-05-09,46,4807,260.83
2026-07-28,75,137994,2381.27
2026-06-08,19,1718726,2228.87
2026-03-18,55,155284,309.90
2026-07-18,54,65794,1612.03
2026-05-17,5,1621,2018.84
2026-04-07,44,1772641,230.68
2026-05-15,68,17070,2474.45
2026-05-04,67,74913,2071.10
2026-07-09,48,1763792,1761.01
2026-06-04,45,1174654,2013.51
2026-07-20,45,1054089,398.37
2026-06-09,66,109571,1730.56
2026-07-16,47,122459,1456.57
2026-06-19,63,188669,1230.36
2026-06-01,84,15681,336.24
2026-07-21,35,1115651,202.85
2026-07-16,66,12047,1296.73
2026-03-08,4,7666,358.12
2026-03-08,53,148956,1182.30
2026-06-19,50,1119456,275.42
2026-04-19,34,19333,840.28
2026-04-05,1,10395,983.76
2026-05-15,34,197955,1043.91
2026-04-10,72,1850403,921.77
2026-06-29,4,1172923,1649.35
2026-05-02,64,99630,1588.76
2026-04-28,4,1170384,495.25
2026-06-12,67,1568863,1353.20
2026-03-12,17,1775089,929.11
2026-04-16,86,3164,282.14
2026-07-11,55,120637,449.92
2026-03-11,24,15600,2247.92
2026-06-23,23,14530,1199.23
2026-06-02,45,22758,624.08
2026-04-08,49,1153000,2199.89
2026-07-18,10,1132270,2161.52
2026-03-18,16,22157,1483.65
2026-05-20,25,1152294,2389.87
2026-07-23,18,63686,2230.34
2026-04-07,4,11286270,2340.70
2026-06-23,59,63381,1737.06
2026-06-08,87,1095834,573.06
2026-04-27,64,1145053,998.94
2026-05-11,77,1172780,2088.53
2026-05-12,75,1132010,663.08
2026-04-26,71,106932,621.06
2026-04-21,48,1145861,1500.02
2026-03-08,17,1126149,1592.68
2026-07-25,39,147085,735.77
2026-06-04,49,1600818,1641.20
2026-07-29,64,162898,1808.73
2026-05-07,79,1621,479.10
2026-03-20,11,115228,2429.91
2026-07-06,48,122080,351.34
2026-07-17,30,158365,742.85
2026-04-20,9,2123,593.02
2026-07-08,60,1588004,408.95
2026-03-05,12,61512,2174.44
2026-07-15,38,1098539,2154.29
2026-04-04,61,1017526,1894.22
2026-03-22,49,63364,2202.58
2026-03-22,66,1000975,368.35
2026-04-15,49,97715,1200.38
2026-05-19,30,1139534,2202.31
2026-03-30,8,161264,121.26
2026-06-19,41,1128421,989.12
2026-05-24,36,57209,1035.21
2026-05-23,7,7592,1900.89
2026-06-08,5,1134705,127.48
2026-06-09,35,1568863,888.35
2026-07-09,18,1108388,1533.41
2026-05-15,68,4195,708.63
2026-03-04,51,14718,2483.81
2026-04-16,78,63849,1012.34
2026-04-07,87,54628,1570.91
2026-07-27,50,9080,1344.14
2026-05-16,20,1020968,937.76
2026-06-11,22,18364,2343.32
2026-06-26,69,3948,1738.35
2026-03-30,26,21330,1345.96
2026-05-12,58,18331,2073.75
2026-06-30,4,1122269,653.78
2026-03-28,81,1170789,2305.89
2026-04-20,43,1127829,1680.06
2026-05-17,27,137455,421.98
2026-07-09,37,1095376,1627.10
2026-07-06,71,189350,931.93
2026-07-19,80,17289,1307.27
2026-07-01,49,11726,262.88
2026-05-08,42,60206,217.10
2026-07-25,72,164728,2227.52
2026-03-27,53,1803355,1564.60
2026-03-23,56,1704818,406.84
2026-04-02,11,1100679,2471.43
2026-06-03,23,119712,132.53
2026-04-14,82,16943,1959.79
2026-04-03,76,1166464,1399.51
2026-06-19,73,150646,856.90
2026-06-15,71,1091893,2382.20
2026-07-02,84,11257,660.64
2026-03-17,60,107352,1479.67
2026-03-01,82,63686,474.75
2026-07-18,4,1773946,1870.55
2026-06-09,81,1838616,1188.29
2026-04-22,16,1700331,293.41
2026-04-19,19,1105561,2318.98
2026-03-01,86,104137,362.71
2026-04-10,8,1734585,1743.74
2026-03-05,83,81435,989.78
2026-06-14,82,1707864,1610.58
2026-03-27,65,22763,834.86
2026-04-30,43,122206,1332.48
2026-06-03,25,15021,1378.71
2026-04-30,6,2739,2213.52
2026-03-03,16,165325,1943.77
2026-04-08,32,197530,1444.24
2026-06-09,11,107172,1461.90
2026-04-28,52,1605989,901.35
2026-03-05,42,63853,1614.78
2026-06-12,75,1097520,314.22
2026-07-15,64,1646575,1122.19
2026-04-03,80,22332,227.36
2026-04-09,64,12877,2051.79
2026-07-25,50,1635618,2096.20
2026-03-14,36,1663934,1379.41
2026-04-24,17,176868,363.84
2026-03-28,40,157950,283.96
2026-04-02,25,107578,1416.72
2026-07-28,45,21521,930.39
2026-06-30,11,1160714,1241.29
2026-07-18,38,133421,1421.49
2026-07-23,87,1044300,2456.19
2026-06-25,52,127675,1253.93
2026-04-03,48,107455,654.58
2026-07-03,60,19099,2344.37
2026-05-03,76,1626946,587.52
2026-03-09,84,63640,2235.26
2026-04-08,50,1118415,224.22
2026-06-12,36,103095,2456.70
2026-03-12,18,15887,2490.46
2026-06-27,39,1663080,291.95
2026-04-08,38,16328,1326.06
2026-06-19,70,103095,1684.56
2026-06-10,56,107645,612.81
2026-05-07,2,1088156,1250.28
2026-03-04,8,192583,1215.06
2026-05-25,4,57535,2024.93
2026-04-23,71,13098,2273.90
2026-07-05,74,137761,600.45
2026-06-01,36,1606662,1636.37
